SET NAMES utf8mb4;

CREATE DATABASE accesses;

USE accesses;
CREATE DATABASE IF NOT EXISTS accesses;
GRANT ALL PRIVILEGES ON accesses.* TO 'utn'@'%';
FLUSH PRIVILEGES;
-- Tabla de Visitors
CREATE TABLE visitors (
    id BIGINT AUTO_INCREMENT PRIMARY KEY,
    name VARCHAR(50) NOT NULL,
    lastname VARCHAR(50) NOT NULL,
    doc_type ENUM('DNI', 'PASSPORT', 'CUIL', 'CUIT') NOT NULL,
    doc_number BIGINT NOT NULL,
    birth_date DATE,
    is_active BOOLEAN NOT NULL,
    created_at TIMESTAMP DEFAULT CURRENT_TIMESTAMP,
    updated_at TIMESTAMP DEFAULT CURRENT_TIMESTAMP ON UPDATE CURRENT_TIMESTAMP
) CHARACTER SET utf8mb4 COLLATE utf8mb4_unicode_ci;

-- Tabla de Auths
CREATE TABLE auths (
    id BIGINT AUTO_INCREMENT PRIMARY KEY,
    visitor_id BIGINT,
    visitor_type ENUM('OWNER', 'WORKER', 'VISITOR', 'EMPLOYEE', 'PROVIDER', 'PROVIDER_ORGANIZATION', 'COHABITANT', 'EMERGENCY') NOT NULL,
    plot_id BIGINT,
    is_active BOOLEAN NOT NULL,
    created_at TIMESTAMP DEFAULT CURRENT_TIMESTAMP,
    updated_at TIMESTAMP DEFAULT CURRENT_TIMESTAMP ON UPDATE CURRENT_TIMESTAMP,
    CONSTRAINT fk_visitor FOREIGN KEY (visitor_id) REFERENCES visitors(id)
) CHARACTER SET utf8mb4 COLLATE utf8mb4_unicode_ci;

-- Tabla de Auth_Ranges
CREATE TABLE auth_ranges (
    id BIGINT AUTO_INCREMENT PRIMARY KEY,
    auth_id BIGINT NULL,
    date_from DATE NULL,
    date_to DATE NULL,
    hour_from TIME NULL,
    hour_to TIME NULL,
    days VARCHAR(50) NULL,
    comment VARCHAR(255),
    is_active BOOLEAN NOT NULL,
    created_at TIMESTAMP DEFAULT CURRENT_TIMESTAMP,
    updated_at TIMESTAMP DEFAULT CURRENT_TIMESTAMP ON UPDATE CURRENT_TIMESTAMP,
    CONSTRAINT fk_auth FOREIGN KEY (auth_id) REFERENCES auths(id)
) CHARACTER SET utf8mb4 COLLATE utf8mb4_unicode_ci;

CREATE TABLE accesses (
    id BIGINT NOT NULL AUTO_INCREMENT,
    created_date DATETIME(6) DEFAULT NULL,
    created_user BIGINT DEFAULT NULL,
    last_updated_date DATETIME(6) DEFAULT NULL,
    last_updated_user BIGINT DEFAULT NULL,
    action ENUM('ENTRY', 'EXIT') DEFAULT NULL,
    action_date DATETIME(6) DEFAULT NULL,
    comments VARCHAR(255) DEFAULT NULL,
    plot_id BIGINT DEFAULT NULL,
    supplier_employee_id BIGINT DEFAULT NULL,
    vehicle_description VARCHAR(255) DEFAULT NULL,
    vehicle_reg VARCHAR(255) DEFAULT NULL,
    vehicle_type ENUM('CAR', 'FOOT', 'MOTORBIKE', 'PICKUP', 'TRUCK') DEFAULT NULL,
    auth_id BIGINT DEFAULT NULL,
    PRIMARY KEY (id),
    KEY FK_authvisit (auth_id),
    CONSTRAINT FK_authvisit FOREIGN KEY (auth_id) REFERENCES auths(id)
) ENGINE=InnoDB DEFAULT CHARSET=utf8mb4 COLLATE=utf8mb4_0900_ai_ci;

-- Insertar datos en Visitors
INSERT INTO visitors (name, lastname, doc_type, doc_number, birth_date, is_active) VALUES
('Juan', 'Pérez', 'DNI', 12345678, '1980-05-20', TRUE),
('María', 'Gómez', 'DNI', 23456789, '1992-11-15', TRUE),
('Carlos', 'Fernández', 'CUIL', 34567890, '1985-03-10', FALSE),
('Laura', 'Rodríguez', 'CUIL', 45678901, '1990-07-25', TRUE),
('Pedro', 'Martínez', 'CUIL', 56789012, '1978-12-30', TRUE),
('Sofía', 'López', 'DNI', 67890123, '1995-02-18', TRUE),
('Diego', 'Hernández', 'DNI', 78901234, '1988-09-05', TRUE),
('Ana', 'Ramírez', 'CUIL', 89012345, '1982-12-12', FALSE),
('Jorge', 'Castro', 'CUIL', 90123456, '1975-06-22', TRUE),
('Lucía', 'Morales', 'DNI', 12345679, '1990-04-01', TRUE);

-- Insertar datos en Auths
INSERT INTO auths (visitor_id, visitor_type, plot_id, is_active) VALUES
(1, 'OWNER', 1,TRUE),
(2 ,'WORKER',2 ,TRUE),
(3, 'VISITOR',3 ,TRUE),
(4, 'EMPLOYEE',4, FALSE),
(5, 'PROVIDER', 5,TRUE),
(6, 'OWNER', 6,TRUE),
(7 ,'WORKER',7 ,TRUE),
(8, 'VISITOR',8 ,TRUE),
(9, 'VISITOR',9, FALSE),
(10, 'VISITOR', 10,TRUE);


INSERT INTO `accesses` (`created_date`, `created_user`, `last_updated_date`, `last_updated_user`, `action_date`, `plot_id`, `vehicle_type`, `auth_id`) VALUES ('2024-07-20 19:42:16.657410', 1, '2024-10-25 08:57:55.498380', 4, '2024-08-04 20:48:29', 2, 'PICKUP', 1);
INSERT INTO `accesses` (`created_date`, `created_user`, `last_updated_date`, `last_updated_user`, `action_date`, `plot_id`, `vehicle_type`, `auth_id`) VALUES ('2024-01-03 20:47:19.671898', 1, '2024-03-06 13:07:29.769022', 2, '2024-08-17 02:26:54', 2, 'TRUCK', 6);
INSERT INTO `accesses` (`created_date`, `created_user`, `last_updated_date`, `last_updated_user`, `action_date`, `plot_id`, `vehicle_type`, `auth_id`) VALUES ('2024-09-30 09:14:35.338655', 6, '2024-09-27 15:15:24.102845', 1, '2024-05-17 14:16:32', 9, 'FOOT', 6);
INSERT INTO `accesses` (`created_date`, `created_user`, `last_updated_date`, `last_updated_user`, `action_date`, `plot_id`, `vehicle_type`, `auth_id`) VALUES ('2024-02-21 18:52:22.505235', 4, '2024-04-02 19:27:10.327257', 2, '2024-06-14 20:13:34', 8, 'PICKUP', 7);
INSERT INTO `accesses` (`created_date`, `created_user`, `last_updated_date`, `last_updated_user`, `action_date`, `plot_id`, `vehicle_type`, `auth_id`) VALUES ('2024-08-08 13:07:42.684012', 2, '2024-04-15 13:15:47.042294', 3, '2024-05-30 15:41:16', 7, 'MOTORBIKE', 9);
INSERT INTO `accesses` (`created_date`, `created_user`, `last_updated_date`, `last_updated_user`, `action_date`, `plot_id`, `vehicle_type`, `auth_id`) VALUES ('2024-10-18 14:00:10.449437', 3, '2024-09-30 15:55:34.857989', 2, '2024-10-18 06:45:39', 5, 'PICKUP', 1);
INSERT INTO `accesses` (`created_date`, `created_user`, `last_updated_date`, `last_updated_user`, `action_date`, `plot_id`, `vehicle_type`, `auth_id`) VALUES ('2024-05-03 04:49:22.223455', 3, '2024-07-26 04:49:51.002532', 2, '2024-05-05 00:07:39', 8, 'CAR', 1);
INSERT INTO `accesses` (`created_date`, `created_user`, `last_updated_date`, `last_updated_user`, `action_date`, `plot_id`, `vehicle_type`, `auth_id`) VALUES ('2024-06-23 15:49:23.008197', 3, '2024-08-16 16:00:12.860217', 6, '2024-04-09 04:41:58', 9, 'TRUCK', 6);
INSERT INTO `accesses` (`created_date`, `created_user`, `last_updated_date`, `last_updated_user`, `action_date`, `plot_id`, `vehicle_type`, `auth_id`) VALUES ('2024-10-13 12:05:42.651855', 4, '2024-10-19 08:38:22.615360', 4, '2024-03-29 14:07:48', 6, 'FOOT', 1);
INSERT INTO `accesses` (`created_date`, `created_user`, `last_updated_date`, `last_updated_user`, `action_date`, `plot_id`, `vehicle_type`, `auth_id`) VALUES ('2024-02-26 10:36:24.499621', 1, '2024-09-15 21:17:41.761950', 6, '2024-04-21 13:36:45', 1, 'PICKUP', 4);
INSERT INTO `accesses` (`created_date`, `created_user`, `last_updated_date`, `last_updated_user`, `action_date`, `plot_id`, `vehicle_type`, `auth_id`) VALUES ('2024-09-20 05:02:48.343904', 4, '2024-03-27 18:22:18.195007', 2, '2024-03-04 10:41:56', 1, 'TRUCK', 5);
INSERT INTO `accesses` (`created_date`, `created_user`, `last_updated_date`, `last_updated_user`, `action_date`, `plot_id`, `vehicle_type`, `auth_id`) VALUES ('2024-04-15 12:42:24.885542', 1, '2024-04-21 20:57:47.445821', 1, '2024-04-04 00:55:57', 8, 'CAR', 1);
INSERT INTO `accesses` (`created_date`, `created_user`, `last_updated_date`, `last_updated_user`, `action_date`, `plot_id`, `vehicle_type`, `auth_id`) VALUES ('2024-04-27 23:02:12.912896', 5, '2024-02-27 18:56:21.595010', 3, '2024-03-06 23:25:21', 10, 'TRUCK', 7);
INSERT INTO `accesses` (`created_date`, `created_user`, `last_updated_date`, `last_updated_user`, `action_date`, `plot_id`, `vehicle_type`, `auth_id`) VALUES ('2024-04-05 09:28:20.875665', 5, '2024-02-11 05:23:25.314827', 5, '2024-07-16 06:35:44', 2, 'TRUCK', 9);
INSERT INTO `accesses` (`created_date`, `created_user`, `last_updated_date`, `last_updated_user`, `action_date`, `plot_id`, `vehicle_type`, `auth_id`) VALUES ('2024-06-19 14:31:20.082739', 5, '2024-03-23 19:50:16.484541', 4, '2024-02-25 17:19:05', 10, 'FOOT', 3);
INSERT INTO `accesses` (`created_date`, `created_user`, `last_updated_date`, `last_updated_user`, `action_date`, `plot_id`, `vehicle_type`, `auth_id`) VALUES ('2024-10-28 19:41:28.056677', 1, '2024-03-29 03:16:39.529940', 5, '2024-10-09 21:29:21', 9, 'CAR', 2);
INSERT INTO `accesses` (`created_date`, `created_user`, `last_updated_date`, `last_updated_user`, `action_date`, `plot_id`, `vehicle_type`, `auth_id`) VALUES ('2024-02-16 10:39:37.364592', 2, '2024-09-17 06:29:51.595079', 3, '2024-08-17 05:59:18', 5, 'FOOT', 3);
INSERT INTO `accesses` (`created_date`, `created_user`, `last_updated_date`, `last_updated_user`, `action_date`, `plot_id`, `vehicle_type`, `auth_id`) VALUES ('2024-07-02 03:13:40.720305', 5, '2024-10-27 20:10:01.143145', 4, '2024-08-08 15:45:10', 5, 'MOTORBIKE', 7);
INSERT INTO `accesses` (`created_date`, `created_user`, `last_updated_date`, `last_updated_user`, `action_date`, `plot_id`, `vehicle_type`, `auth_id`) VALUES ('2024-08-20 15:27:27.073884', 4, '2024-02-21 08:19:33.936135', 5, '2024-05-16 00:27:02', 4, 'FOOT', 5);
INSERT INTO `accesses` (`created_date`, `created_user`, `last_updated_date`, `last_updated_user`, `action_date`, `plot_id`, `vehicle_type`, `auth_id`) VALUES ('2024-01-24 03:48:49.785121', 2, '2024-08-28 09:03:51.953420', 6, '2024-07-29 16:30:39', 3, 'PICKUP', 5);
INSERT INTO `accesses` (`created_date`, `created_user`, `last_updated_date`, `last_updated_user`, `action_date`, `plot_id`, `vehicle_type`, `auth_id`) VALUES ('2024-09-17 08:39:00.302571', 5, '2024-09-07 03:26:21.191322', 5, '2024-09-18 04:10:40', 8, 'FOOT', 7);
INSERT INTO `accesses` (`created_date`, `created_user`, `last_updated_date`, `last_updated_user`, `action_date`, `plot_id`, `vehicle_type`, `auth_id`) VALUES ('2024-10-07 17:05:27.611826', 6, '2024-02-09 09:58:57.757402', 3, '2024-07-22 18:59:37', 8, 'MOTORBIKE', 6);
INSERT INTO `accesses` (`created_date`, `created_user`, `last_updated_date`, `last_updated_user`, `action_date`, `plot_id`, `vehicle_type`, `auth_id`) VALUES ('2024-03-31 06:33:56.181717', 3, '2024-08-04 02:24:30.978408', 5, '2024-03-30 21:52:00', 2, 'FOOT', 10);
INSERT INTO `accesses` (`created_date`, `created_user`, `last_updated_date`, `last_updated_user`, `action_date`, `plot_id`, `vehicle_type`, `auth_id`) VALUES ('2024-03-12 05:30:45.528602', 5, '2024-05-05 09:37:17.387437', 3, '2024-05-21 18:05:24', 6, 'FOOT', 10);
INSERT INTO `accesses` (`created_date`, `created_user`, `last_updated_date`, `last_updated_user`, `action_date`, `plot_id`, `vehicle_type`, `auth_id`) VALUES ('2024-01-04 14:57:06.866874', 5, '2024-10-27 18:29:24.500266', 6, '2024-01-27 06:12:45', 9, 'TRUCK', 1);
INSERT INTO `accesses` (`created_date`, `created_user`, `last_updated_date`, `last_updated_user`, `action_date`, `plot_id`, `vehicle_type`, `auth_id`) VALUES ('2024-01-04 06:07:07.748416', 3, '2024-06-29 10:30:45.290262', 6, '2024-04-13 22:16:37', 9, 'CAR', 4);
INSERT INTO `accesses` (`created_date`, `created_user`, `last_updated_date`, `last_updated_user`, `action_date`, `plot_id`, `vehicle_type`, `auth_id`) VALUES ('2024-01-29 22:34:34.695637', 4, '2024-03-07 21:55:56.509890', 6, '2024-04-10 14:31:30', 6, 'MOTORBIKE', 2);
INSERT INTO `accesses` (`created_date`, `created_user`, `last_updated_date`, `last_updated_user`, `action_date`, `plot_id`, `vehicle_type`, `auth_id`) VALUES ('2024-09-02 15:11:08.192767', 5, '2024-02-16 09:16:59.376749', 1, '2024-08-18 18:42:41', 5, 'CAR', 6);
INSERT INTO `accesses` (`created_date`, `created_user`, `last_updated_date`, `last_updated_user`, `action_date`, `plot_id`, `vehicle_type`, `auth_id`) VALUES ('2024-08-01 10:23:06.365845', 2, '2024-01-25 04:32:18.561652', 6, '2024-08-24 03:05:53', 5, 'CAR', 8);
INSERT INTO `accesses` (`created_date`, `created_user`, `last_updated_date`, `last_updated_user`, `action_date`, `plot_id`, `vehicle_type`, `auth_id`) VALUES ('2024-01-01 17:15:04.301976', 2, '2024-04-26 14:52:41.470403', 2, '2024-07-05 08:52:11', 7, 'MOTORBIKE', 7);
INSERT INTO `accesses` (`created_date`, `created_user`, `last_updated_date`, `last_updated_user`, `action_date`, `plot_id`, `vehicle_type`, `auth_id`) VALUES ('2024-05-09 00:50:23.540789', 2, '2024-09-18 13:01:58.292087', 4, '2024-03-21 18:59:21', 5, 'FOOT', 7);
INSERT INTO `accesses` (`created_date`, `created_user`, `last_updated_date`, `last_updated_user`, `action_date`, `plot_id`, `vehicle_type`, `auth_id`) VALUES ('2024-10-19 05:10:31.258101', 1, '2024-10-25 05:25:18.647202', 6, '2024-01-30 10:24:16', 8, 'TRUCK', 6);
INSERT INTO `accesses` (`created_date`, `created_user`, `last_updated_date`, `last_updated_user`, `action_date`, `plot_id`, `vehicle_type`, `auth_id`) VALUES ('2024-04-17 10:52:15.965815', 5, '2024-07-16 03:14:05.816460', 1, '2024-09-13 23:40:30', 9, 'FOOT', 8);
INSERT INTO `accesses` (`created_date`, `created_user`, `last_updated_date`, `last_updated_user`, `action_date`, `plot_id`, `vehicle_type`, `auth_id`) VALUES ('2024-04-15 20:19:07.341564', 1, '2024-01-16 13:44:20.492616', 2, '2024-10-29 10:00:53', 1, 'MOTORBIKE', 4);
INSERT INTO `accesses` (`created_date`, `created_user`, `last_updated_date`, `last_updated_user`, `action_date`, `plot_id`, `vehicle_type`, `auth_id`) VALUES ('2024-07-21 08:55:32.563765', 6, '2024-08-29 11:42:04.540375', 2, '2024-04-15 15:37:31', 9, 'MOTORBIKE', 1);
INSERT INTO `accesses` (`created_date`, `created_user`, `last_updated_date`, `last_updated_user`, `action_date`, `plot_id`, `vehicle_type`, `auth_id`) VALUES ('2024-09-01 19:52:58.154390', 3, '2024-04-30 07:37:55.049603', 4, '2024-10-30 11:15:32', 1, 'CAR', 10);
INSERT INTO `accesses` (`created_date`, `created_user`, `last_updated_date`, `last_updated_user`, `action_date`, `plot_id`, `vehicle_type`, `auth_id`) VALUES ('2024-05-06 10:21:44.646131', 5, '2024-04-10 02:19:12.434119', 4, '2024-09-15 18:52:01', 9, 'FOOT', 4);
INSERT INTO `accesses` (`created_date`, `created_user`, `last_updated_date`, `last_updated_user`, `action_date`, `plot_id`, `vehicle_type`, `auth_id`) VALUES ('2024-07-15 11:41:42.197040', 1, '2024-07-03 13:15:04.418238', 2, '2024-03-18 16:54:19', 5, 'PICKUP', 8);
INSERT INTO `accesses` (`created_date`, `created_user`, `last_updated_date`, `last_updated_user`, `action_date`, `plot_id`, `vehicle_type`, `auth_id`) VALUES ('2024-03-12 14:48:00.220414', 1, '2024-02-27 17:25:50.438433', 5, '2024-10-21 18:09:50', 10, 'CAR', 8);
INSERT INTO `accesses` (`created_date`, `created_user`, `last_updated_date`, `last_updated_user`, `action_date`, `plot_id`, `vehicle_type`, `auth_id`) VALUES ('2024-03-20 09:12:11.275679', 6, '2024-03-13 19:29:17.813127', 4, '2024-05-04 11:07:05', 1, 'PICKUP', 9);
INSERT INTO `accesses` (`created_date`, `created_user`, `last_updated_date`, `last_updated_user`, `action_date`, `plot_id`, `vehicle_type`, `auth_id`) VALUES ('2024-05-15 16:48:40.723232', 1, '2024-05-14 20:10:30.581273', 2, '2024-06-11 11:24:45', 4, 'PICKUP', 8);
INSERT INTO `accesses` (`created_date`, `created_user`, `last_updated_date`, `last_updated_user`, `action_date`, `plot_id`, `vehicle_type`, `auth_id`) VALUES ('2024-02-07 19:18:18.343068', 5, '2024-09-26 23:16:09.408758', 5, '2024-06-06 22:41:24', 10, 'PICKUP', 1);
INSERT INTO `accesses` (`created_date`, `created_user`, `last_updated_date`, `last_updated_user`, `action_date`, `plot_id`, `vehicle_type`, `auth_id`) VALUES ('2024-02-28 06:18:29.415519', 6, '2024-07-31 20:59:37.023996', 6, '2024-11-01 13:27:02', 1, 'PICKUP', 7);
INSERT INTO `accesses` (`created_date`, `created_user`, `last_updated_date`, `last_updated_user`, `action_date`, `plot_id`, `vehicle_type`, `auth_id`) VALUES ('2024-04-09 15:17:16.595243', 5, '2024-10-28 19:43:16.308602', 5, '2024-09-23 05:36:49', 3, 'PICKUP', 7);
INSERT INTO `accesses` (`created_date`, `created_user`, `last_updated_date`, `last_updated_user`, `action_date`, `plot_id`, `vehicle_type`, `auth_id`) VALUES ('2024-02-15 00:14:21.245503', 1, '2024-01-22 23:17:57.861652', 2, '2024-02-08 12:46:46', 1, 'FOOT', 1);
INSERT INTO `accesses` (`created_date`, `created_user`, `last_updated_date`, `last_updated_user`, `action_date`, `plot_id`, `vehicle_type`, `auth_id`) VALUES ('2024-04-10 06:11:24.143575', 2, '2024-04-10 11:34:16.932016', 5, '2024-01-23 00:19:45', 5, 'MOTORBIKE', 8);
INSERT INTO `accesses` (`created_date`, `created_user`, `last_updated_date`, `last_updated_user`, `action_date`, `plot_id`, `vehicle_type`, `auth_id`) VALUES ('2024-09-26 14:06:24.291574', 5, '2024-08-26 17:21:03.333675', 4, '2024-06-12 15:43:27', 5, 'MOTORBIKE', 2);
INSERT INTO `accesses` (`created_date`, `created_user`, `last_updated_date`, `last_updated_user`, `action_date`, `plot_id`, `vehicle_type`, `auth_id`) VALUES ('2024-07-14 01:47:08.816148', 3, '2024-07-19 01:09:35.924137', 5, '2024-02-09 23:40:19', 4, 'TRUCK', 3);
INSERT INTO `accesses` (`created_date`, `created_user`, `last_updated_date`, `last_updated_user`, `action_date`, `plot_id`, `vehicle_type`, `auth_id`) VALUES ('2024-01-31 01:13:10.592623', 5, '2024-01-05 21:44:51.867504', 6, '2024-01-18 16:02:53', 6, 'MOTORBIKE', 5);
INSERT INTO `accesses` (`created_date`, `created_user`, `last_updated_date`, `last_updated_user`, `action_date`, `plot_id`, `vehicle_type`, `auth_id`) VALUES ('2024-04-10 08:30:44.995992', 3, '2024-05-04 03:51:41.996651', 1, '2024-04-11 17:38:13', 3, 'PICKUP', 5);
INSERT INTO `accesses` (`created_date`, `created_user`, `last_updated_date`, `last_updated_user`, `action_date`, `plot_id`, `vehicle_type`, `auth_id`) VALUES ('2024-03-14 06:49:37.695375', 3, '2024-10-24 13:25:34.743608', 3, '2024-07-25 21:03:28', 9, 'CAR', 7);
INSERT INTO `accesses` (`created_date`, `created_user`, `last_updated_date`, `last_updated_user`, `action_date`, `plot_id`, `vehicle_type`, `auth_id`) VALUES ('2024-02-28 14:33:59.763776', 1, '2024-06-16 23:37:54.734640', 2, '2024-02-18 23:43:23', 6, 'FOOT', 6);
INSERT INTO `accesses` (`created_date`, `created_user`, `last_updated_date`, `last_updated_user`, `action_date`, `plot_id`, `vehicle_type`, `auth_id`) VALUES ('2024-05-25 05:40:23.123256', 3, '2024-06-13 23:52:32.019515', 3, '2024-04-24 10:55:04', 1, 'MOTORBIKE', 8);
INSERT INTO `accesses` (`created_date`, `created_user`, `last_updated_date`, `last_updated_user`, `action_date`, `plot_id`, `vehicle_type`, `auth_id`) VALUES ('2024-03-20 12:43:09.535986', 6, '2024-10-21 02:14:37.992930', 6, '2024-09-03 06:37:42', 4, 'FOOT', 7);
INSERT INTO `accesses` (`created_date`, `created_user`, `last_updated_date`, `last_updated_user`, `action_date`, `plot_id`, `vehicle_type`, `auth_id`) VALUES ('2024-05-02 09:41:20.386164', 2, '2024-02-09 00:31:10.674437', 6, '2024-03-22 19:54:43', 9, 'PICKUP', 5);
INSERT INTO `accesses` (`created_date`, `created_user`, `last_updated_date`, `last_updated_user`, `action_date`, `plot_id`, `vehicle_type`, `auth_id`) VALUES ('2024-01-22 03:00:00.473946', 1, '2024-10-04 10:32:57.196495', 5, '2024-07-19 16:36:28', 2, 'TRUCK', 7);
INSERT INTO `accesses` (`created_date`, `created_user`, `last_updated_date`, `last_updated_user`, `action_date`, `plot_id`, `vehicle_type`, `auth_id`) VALUES ('2024-08-02 19:43:46.464260', 1, '2024-01-07 07:27:36.944155', 4, '2024-02-13 15:17:32', 5, 'MOTORBIKE', 8);
INSERT INTO `accesses` (`created_date`, `created_user`, `last_updated_date`, `last_updated_user`, `action_date`, `plot_id`, `vehicle_type`, `auth_id`) VALUES ('2024-02-17 21:56:44.772364', 4, '2024-08-19 11:10:54.717616', 2, '2024-03-22 01:58:49', 1, 'FOOT', 2);
INSERT INTO `accesses` (`created_date`, `created_user`, `last_updated_date`, `last_updated_user`, `action_date`, `plot_id`, `vehicle_type`, `auth_id`) VALUES ('2024-10-14 15:30:44.884535', 3, '2024-02-09 12:04:14.840437', 3, '2024-02-13 13:09:21', 3, 'CAR', 1);
INSERT INTO `accesses` (`created_date`, `created_user`, `last_updated_date`, `last_updated_user`, `action_date`, `plot_id`, `vehicle_type`, `auth_id`) VALUES ('2024-08-04 03:19:12.970438', 3, '2024-07-18 02:20:30.922295', 1, '2024-04-15 15:47:45', 2, 'FOOT', 3);
INSERT INTO `accesses` (`created_date`, `created_user`, `last_updated_date`, `last_updated_user`, `action_date`, `plot_id`, `vehicle_type`, `auth_id`) VALUES ('2024-08-17 13:26:40.562387', 2, '2024-09-19 23:13:31.873113', 2, '2024-09-16 06:11:06', 4, 'PICKUP', 6);
INSERT INTO `accesses` (`created_date`, `created_user`, `last_updated_date`, `last_updated_user`, `action_date`, `plot_id`, `vehicle_type`, `auth_id`) VALUES ('2024-07-15 01:55:30.972152', 5, '2024-09-26 00:11:31.000343', 2, '2024-07-08 07:48:19', 9, 'PICKUP', 6);
INSERT INTO `accesses` (`created_date`, `created_user`, `last_updated_date`, `last_updated_user`, `action_date`, `plot_id`, `vehicle_type`, `auth_id`) VALUES ('2024-10-17 10:52:17.871944', 4, '2024-03-28 03:08:50.450723', 1, '2024-10-14 21:29:45', 5, 'TRUCK', 5);
INSERT INTO `accesses` (`created_date`, `created_user`, `last_updated_date`, `last_updated_user`, `action_date`, `plot_id`, `vehicle_type`, `auth_id`) VALUES ('2024-04-27 01:51:13.115892', 1, '2024-02-24 16:15:34.848553', 5, '2024-10-21 05:00:29', 1, 'PICKUP', 7);
INSERT INTO `accesses` (`created_date`, `created_user`, `last_updated_date`, `last_updated_user`, `action_date`, `plot_id`, `vehicle_type`, `auth_id`) VALUES ('2024-06-23 03:25:37.792372', 5, '2024-03-04 14:37:02.155449', 5, '2024-05-03 07:49:41', 7, 'TRUCK', 6);
INSERT INTO `accesses` (`created_date`, `created_user`, `last_updated_date`, `last_updated_user`, `action_date`, `plot_id`, `vehicle_type`, `auth_id`) VALUES ('2024-01-16 10:48:02.975077', 2, '2024-03-04 21:03:48.855731', 3, '2024-01-25 13:11:04', 9, 'MOTORBIKE', 8);
INSERT INTO `accesses` (`created_date`, `created_user`, `last_updated_date`, `last_updated_user`, `action_date`, `plot_id`, `vehicle_type`, `auth_id`) VALUES ('2024-05-29 15:13:19.933672', 5, '2024-05-11 14:53:28.856920', 3, '2024-03-25 02:41:55', 8, 'CAR', 4);
INSERT INTO `accesses` (`created_date`, `created_user`, `last_updated_date`, `last_updated_user`, `action_date`, `plot_id`, `vehicle_type`, `auth_id`) VALUES ('2024-03-10 20:38:15.793045', 2, '2024-03-26 10:10:16.938762', 3, '2024-09-16 11:27:16', 10, 'MOTORBIKE', 10);
INSERT INTO `accesses` (`created_date`, `created_user`, `last_updated_date`, `last_updated_user`, `action_date`, `plot_id`, `vehicle_type`, `auth_id`) VALUES ('2024-07-09 17:02:33.832509', 4, '2024-05-08 05:33:32.693106', 6, '2024-06-03 21:30:41', 4, 'CAR', 3);
INSERT INTO `accesses` (`created_date`, `created_user`, `last_updated_date`, `last_updated_user`, `action_date`, `plot_id`, `vehicle_type`, `auth_id`) VALUES ('2024-09-14 06:31:58.784238', 5, '2024-01-08 01:47:28.894516', 2, '2024-10-19 13:12:45', 3, 'PICKUP', 2);
INSERT INTO `accesses` (`created_date`, `created_user`, `last_updated_date`, `last_updated_user`, `action_date`, `plot_id`, `vehicle_type`, `auth_id`) VALUES ('2024-07-07 23:05:56.092082', 4, '2024-10-21 18:15:38.598551', 6, '2024-08-11 12:05:30', 2, 'FOOT', 1);
INSERT INTO `accesses` (`created_date`, `created_user`, `last_updated_date`, `last_updated_user`, `action_date`, `plot_id`, `vehicle_type`, `auth_id`) VALUES ('2024-07-21 13:38:59.346728', 2, '2024-02-19 14:27:45.275567', 3, '2024-08-28 16:14:11', 9, 'MOTORBIKE', 9);
INSERT INTO `accesses` (`created_date`, `created_user`, `last_updated_date`, `last_updated_user`, `action_date`, `plot_id`, `vehicle_type`, `auth_id`) VALUES ('2024-06-09 16:07:54.919591', 6, '2024-09-16 11:37:10.791131', 6, '2024-10-09 19:54:10', 10, 'TRUCK', 9);
INSERT INTO `accesses` (`created_date`, `created_user`, `last_updated_date`, `last_updated_user`, `action_date`, `plot_id`, `vehicle_type`, `auth_id`) VALUES ('2024-02-13 11:13:50.904761', 3, '2024-07-29 14:08:53.861793', 4, '2024-02-24 14:52:49', 3, 'FOOT', 10);
INSERT INTO `accesses` (`created_date`, `created_user`, `last_updated_date`, `last_updated_user`, `action_date`, `plot_id`, `vehicle_type`, `auth_id`) VALUES ('2024-05-18 19:47:47.336986', 1, '2024-10-12 12:38:28.262770', 1, '2024-09-27 11:11:49', 9, 'FOOT', 9);
INSERT INTO `accesses` (`created_date`, `created_user`, `last_updated_date`, `last_updated_user`, `action_date`, `plot_id`, `vehicle_type`, `auth_id`) VALUES ('2024-06-23 14:03:34.629880', 5, '2024-05-14 13:50:54.853296', 3, '2024-06-21 03:44:24', 4, 'CAR', 10);
INSERT INTO `accesses` (`created_date`, `created_user`, `last_updated_date`, `last_updated_user`, `action_date`, `plot_id`, `vehicle_type`, `auth_id`) VALUES ('2024-01-22 06:09:41.002423', 5, '2024-10-15 06:10:53.075215', 5, '2024-06-21 22:42:45', 3, 'PICKUP', 3);
INSERT INTO `accesses` (`created_date`, `created_user`, `last_updated_date`, `last_updated_user`, `action_date`, `plot_id`, `vehicle_type`, `auth_id`) VALUES ('2024-01-20 05:45:28.291080', 4, '2024-01-04 20:41:00.115521', 3, '2024-08-24 04:12:39', 2, 'MOTORBIKE', 1);
INSERT INTO `accesses` (`created_date`, `created_user`, `last_updated_date`, `last_updated_user`, `action_date`, `plot_id`, `vehicle_type`, `auth_id`) VALUES ('2024-05-06 21:08:48.011134', 1, '2024-03-26 09:36:58.908976', 3, '2024-07-16 09:55:07', 4, 'TRUCK', 5);
INSERT INTO `accesses` (`created_date`, `created_user`, `last_updated_date`, `last_updated_user`, `action_date`, `plot_id`, `vehicle_type`, `auth_id`) VALUES ('2024-11-03 15:45:52.639281', 6, '2024-05-22 17:02:00.577381', 6, '2024-10-08 04:40:32', 8, 'PICKUP', 5);
INSERT INTO `accesses` (`created_date`, `created_user`, `last_updated_date`, `last_updated_user`, `action_date`, `plot_id`, `vehicle_type`, `auth_id`) VALUES ('2024-02-24 21:33:23.802240', 6, '2024-02-18 23:21:07.774358', 5, '2024-01-31 03:28:00', 1, 'TRUCK', 7);
INSERT INTO `accesses` (`created_date`, `created_user`, `last_updated_date`, `last_updated_user`, `action_date`, `plot_id`, `vehicle_type`, `auth_id`) VALUES ('2024-02-27 22:33:15.961405', 4, '2024-06-14 00:53:38.276816', 4, '2024-06-19 05:37:06', 3, 'CAR', 10);
INSERT INTO `accesses` (`created_date`, `created_user`, `last_updated_date`, `last_updated_user`, `action_date`, `plot_id`, `vehicle_type`, `auth_id`) VALUES ('2024-03-03 13:48:07.715608', 3, '2024-08-18 05:19:30.507696', 3, '2024-08-06 18:47:25', 1, 'TRUCK', 1);
INSERT INTO `accesses` (`created_date`, `created_user`, `last_updated_date`, `last_updated_user`, `action_date`, `plot_id`, `vehicle_type`, `auth_id`) VALUES ('2024-07-26 06:41:18.298233', 1, '2024-10-03 08:34:02.027631', 1, '2024-07-29 02:11:23', 9, 'FOOT', 1);
INSERT INTO `accesses` (`created_date`, `created_user`, `last_updated_date`, `last_updated_user`, `action_date`, `plot_id`, `vehicle_type`, `auth_id`) VALUES ('2024-01-23 09:47:41.792542', 6, '2024-08-20 06:53:13.878413', 6, '2024-09-22 21:16:56', 7, 'PICKUP', 10);
INSERT INTO `accesses` (`created_date`, `created_user`, `last_updated_date`, `last_updated_user`, `action_date`, `plot_id`, `vehicle_type`, `auth_id`) VALUES ('2024-10-05 17:10:07.697082', 3, '2024-03-22 17:59:12.889721', 5, '2024-08-21 08:29:01', 9, 'MOTORBIKE', 6);
INSERT INTO `accesses` (`created_date`, `created_user`, `last_updated_date`, `last_updated_user`, `action_date`, `plot_id`, `vehicle_type`, `auth_id`) VALUES ('2024-02-01 16:26:38.012058', 3, '2024-08-27 12:33:54.074467', 6, '2024-02-08 20:44:12', 8, 'MOTORBIKE', 7);
INSERT INTO `accesses` (`created_date`, `created_user`, `last_updated_date`, `last_updated_user`, `action_date`, `plot_id`, `vehicle_type`, `auth_id`) VALUES ('2024-06-06 13:25:00.460227', 5, '2024-07-02 16:40:08.460842', 5, '2024-04-11 16:41:26', 3, 'FOOT', 3);
INSERT INTO `accesses` (`created_date`, `created_user`, `last_updated_date`, `last_updated_user`, `action_date`, `plot_id`, `vehicle_type`, `auth_id`) VALUES ('2024-04-25 18:13:59.194057', 6, '2024-04-12 23:37:25.168538', 6, '2024-03-09 08:39:41', 4, 'TRUCK', 9);
INSERT INTO `accesses` (`created_date`, `created_user`, `last_updated_date`, `last_updated_user`, `action_date`, `plot_id`, `vehicle_type`, `auth_id`) VALUES ('2024-06-16 17:26:43.932010', 1, '2024-04-20 19:23:28.296334', 2, '2024-06-15 01:19:03', 4, 'TRUCK', 2);
INSERT INTO `accesses` (`created_date`, `created_user`, `last_updated_date`, `last_updated_user`, `action_date`, `plot_id`, `vehicle_type`, `auth_id`) VALUES ('2024-02-04 12:46:16.340407', 1, '2024-08-30 23:10:59.480303', 3, '2024-10-14 14:51:06', 5, 'FOOT', 3);
INSERT INTO `accesses` (`created_date`, `created_user`, `last_updated_date`, `last_updated_user`, `action_date`, `plot_id`, `vehicle_type`, `auth_id`) VALUES ('2024-09-26 17:00:38.863780', 5, '2024-01-03 00:08:53.395686', 6, '2024-03-05 00:17:24', 1, 'CAR', 9);
INSERT INTO `accesses` (`created_date`, `created_user`, `last_updated_date`, `last_updated_user`, `action_date`, `plot_id`, `vehicle_type`, `auth_id`) VALUES ('2024-09-02 13:27:18.104108', 3, '2024-09-14 22:29:32.017596', 5, '2024-02-16 01:24:57', 5, 'MOTORBIKE', 2);
INSERT INTO `accesses` (`created_date`, `created_user`, `last_updated_date`, `last_updated_user`, `action_date`, `plot_id`, `vehicle_type`, `auth_id`) VALUES ('2024-07-24 23:59:39.808514', 1, '2024-02-20 01:26:14.210163', 2, '2024-05-13 17:16:55', 3, 'MOTORBIKE', 9);
INSERT INTO `accesses` (`created_date`, `created_user`, `last_updated_date`, `last_updated_user`, `action_date`, `plot_id`, `vehicle_type`, `auth_id`) VALUES ('2024-06-30 10:17:50.446198', 2, '2024-07-14 11:33:03.226219', 3, '2024-10-12 15:16:51', 10, 'PICKUP', 10);
INSERT INTO `accesses` (`created_date`, `created_user`, `last_updated_date`, `last_updated_user`, `action_date`, `plot_id`, `vehicle_type`, `auth_id`) VALUES ('2024-08-04 07:22:46.769548', 2, '2024-05-16 02:36:15.947168', 2, '2024-06-29 15:48:34', 5, 'PICKUP', 6);
INSERT INTO `accesses` (`created_date`, `created_user`, `last_updated_date`, `last_updated_user`, `action_date`, `plot_id`, `vehicle_type`, `auth_id`) VALUES ('2024-10-29 01:42:19.734926', 1, '2024-08-11 17:40:08.665643', 5, '2024-05-26 01:50:13', 3, 'TRUCK', 5);
INSERT INTO `accesses` (`created_date`, `created_user`, `last_updated_date`, `last_updated_user`, `action_date`, `plot_id`, `vehicle_type`, `auth_id`) VALUES ('2024-05-16 10:58:08.610703', 6, '2024-05-05 18:04:34.881180', 2, '2024-03-23 19:42:46', 4, 'FOOT', 9);
INSERT INTO `accesses` (`created_date`, `created_user`, `last_updated_date`, `last_updated_user`, `action_date`, `plot_id`, `vehicle_type`, `auth_id`) VALUES ('2024-10-20 10:16:40.670649', 2, '2024-05-18 17:25:30.865299', 1, '2024-03-22 09:30:40', 4, 'PICKUP', 7);
INSERT INTO `accesses` (`created_date`, `created_user`, `last_updated_date`, `last_updated_user`, `action_date`, `plot_id`, `vehicle_type`, `auth_id`) VALUES ('2024-04-19 02:28:08.831979', 3, '2024-10-08 10:29:29.918996', 6, '2024-09-09 12:42:23', 7, 'FOOT', 8);
INSERT INTO `accesses` (`created_date`, `created_user`, `last_updated_date`, `last_updated_user`, `action_date`, `plot_id`, `vehicle_type`, `auth_id`) VALUES ('2024-10-11 06:26:23.713589', 1, '2024-05-14 15:22:49.188210', 3, '2024-05-28 12:33:33', 7, 'TRUCK', 1);
INSERT INTO `accesses` (`created_date`, `created_user`, `last_updated_date`, `last_updated_user`, `action_date`, `plot_id`, `vehicle_type`, `auth_id`) VALUES ('2024-08-12 10:13:00.589207', 3, '2024-09-08 07:32:16.660333', 5, '2024-04-22 19:48:01', 3, 'FOOT', 5);
INSERT INTO `accesses` (`created_date`, `created_user`, `last_updated_date`, `last_updated_user`, `action_date`, `plot_id`, `vehicle_type`, `auth_id`) VALUES ('2024-07-05 00:42:05.318127', 5, '2024-06-18 23:07:07.568764', 4, '2024-09-28 22:28:32', 8, 'MOTORBIKE', 1);
INSERT INTO `accesses` (`created_date`, `created_user`, `last_updated_date`, `last_updated_user`, `action_date`, `plot_id`, `vehicle_type`, `auth_id`) VALUES ('2024-09-26 07:26:59.823670', 2, '2024-05-01 00:03:30.569271', 2, '2024-08-01 09:43:31', 9, 'CAR', 3);
INSERT INTO `accesses` (`created_date`, `created_user`, `last_updated_date`, `last_updated_user`, `action_date`, `plot_id`, `vehicle_type`, `auth_id`) VALUES ('2024-09-06 10:10:12.952648', 2, '2024-03-26 03:27:36.981041', 4, '2024-01-23 01:26:12', 6, 'CAR', 10);
INSERT INTO `accesses` (`created_date`, `created_user`, `last_updated_date`, `last_updated_user`, `action_date`, `plot_id`, `vehicle_type`, `auth_id`) VALUES ('2024-09-07 01:46:54.178152', 5, '2024-11-01 03:26:24.921392', 2, '2024-09-19 02:28:23', 5, 'MOTORBIKE', 4);
INSERT INTO `accesses` (`created_date`, `created_user`, `last_updated_date`, `last_updated_user`, `action_date`, `plot_id`, `vehicle_type`, `auth_id`) VALUES ('2024-09-07 07:06:26.983057', 1, '2024-05-07 15:22:41.860979', 2, '2024-02-16 14:10:42', 7, 'FOOT', 9);
INSERT INTO `accesses` (`created_date`, `created_user`, `last_updated_date`, `last_updated_user`, `action_date`, `plot_id`, `vehicle_type`, `auth_id`) VALUES ('2024-03-06 07:04:04.158272', 2, '2024-01-03 23:36:49.697360', 5, '2024-07-24 16:15:37', 2, 'FOOT', 6);
INSERT INTO `accesses` (`created_date`, `created_user`, `last_updated_date`, `last_updated_user`, `action_date`, `plot_id`, `vehicle_type`, `auth_id`) VALUES ('2024-02-23 10:48:14.520433', 6, '2024-04-15 13:40:14.010791', 1, '2024-08-12 13:12:08', 1, 'PICKUP', 4);
INSERT INTO `accesses` (`created_date`, `created_user`, `last_updated_date`, `last_updated_user`, `action_date`, `plot_id`, `vehicle_type`, `auth_id`) VALUES ('2024-02-18 18:00:20.460975', 4, '2024-03-14 07:43:49.864365', 6, '2024-03-28 13:45:06', 3, 'PICKUP', 4);
INSERT INTO `accesses` (`created_date`, `created_user`, `last_updated_date`, `last_updated_user`, `action_date`, `plot_id`, `vehicle_type`, `auth_id`) VALUES ('2024-08-22 06:05:38.539126', 5, '2024-06-18 22:04:42.582177', 4, '2024-02-18 20:39:12', 10, 'MOTORBIKE', 4);
INSERT INTO `accesses` (`created_date`, `created_user`, `last_updated_date`, `last_updated_user`, `action_date`, `plot_id`, `vehicle_type`, `auth_id`) VALUES ('2024-10-18 03:55:33.120911', 2, '2024-02-09 22:48:10.094740', 3, '2024-01-15 04:04:56', 6, 'MOTORBIKE', 10);
INSERT INTO `accesses` (`created_date`, `created_user`, `last_updated_date`, `last_updated_user`, `action_date`, `plot_id`, `vehicle_type`, `auth_id`) VALUES ('2024-10-13 09:32:23.853633', 6, '2024-01-09 00:56:25.810378', 6, '2024-07-30 23:41:05', 6, 'FOOT', 8);
INSERT INTO `accesses` (`created_date`, `created_user`, `last_updated_date`, `last_updated_user`, `action_date`, `plot_id`, `vehicle_type`, `auth_id`) VALUES ('2024-01-05 05:13:12.406818', 1, '2024-03-10 19:15:42.097624', 6, '2024-09-04 15:11:26', 6, 'MOTORBIKE', 2);
INSERT INTO `accesses` (`created_date`, `created_user`, `last_updated_date`, `last_updated_user`, `action_date`, `plot_id`, `vehicle_type`, `auth_id`) VALUES ('2024-09-28 05:23:03.925341', 5, '2024-05-13 12:08:04.706522', 5, '2024-09-18 05:30:52', 5, 'TRUCK', 10);
INSERT INTO `accesses` (`created_date`, `created_user`, `last_updated_date`, `last_updated_user`, `action_date`, `plot_id`, `vehicle_type`, `auth_id`) VALUES ('2024-06-13 08:31:16.968449', 6, '2024-07-23 19:25:43.446983', 4, '2024-04-06 04:57:03', 2, 'MOTORBIKE', 1);
INSERT INTO `accesses` (`created_date`, `created_user`, `last_updated_date`, `last_updated_user`, `action_date`, `plot_id`, `vehicle_type`, `auth_id`) VALUES ('2024-10-24 16:49:18.995245', 4, '2024-10-15 03:26:18.279062', 2, '2024-10-01 22:13:53', 9, 'CAR', 4);
INSERT INTO `accesses` (`created_date`, `created_user`, `last_updated_date`, `last_updated_user`, `action_date`, `plot_id`, `vehicle_type`, `auth_id`) VALUES ('2024-06-08 12:00:01.924983', 1, '2024-03-13 06:15:25.240667', 6, '2024-03-15 04:55:07', 2, 'PICKUP', 5);
INSERT INTO `accesses` (`created_date`, `created_user`, `last_updated_date`, `last_updated_user`, `action_date`, `plot_id`, `vehicle_type`, `auth_id`) VALUES ('2024-04-24 07:04:49.033533', 6, '2024-05-17 21:44:17.422988', 6, '2024-01-17 06:48:17', 4, 'TRUCK', 10);
INSERT INTO `accesses` (`created_date`, `created_user`, `last_updated_date`, `last_updated_user`, `action_date`, `plot_id`, `vehicle_type`, `auth_id`) VALUES ('2024-02-19 20:08:14.361061', 5, '2024-04-25 08:44:17.473013', 2, '2024-05-09 06:18:29', 4, 'TRUCK', 10);
INSERT INTO `accesses` (`created_date`, `created_user`, `last_updated_date`, `last_updated_user`, `action_date`, `plot_id`, `vehicle_type`, `auth_id`) VALUES ('2024-06-07 19:47:14.391409', 2, '2024-09-20 13:40:18.433032', 2, '2024-03-04 06:38:17', 10, 'MOTORBIKE', 2);
INSERT INTO `accesses` (`created_date`, `created_user`, `last_updated_date`, `last_updated_user`, `action_date`, `plot_id`, `vehicle_type`, `auth_id`) VALUES ('2024-03-19 13:17:56.707731', 6, '2024-02-13 00:37:55.858882', 1, '2024-03-05 14:20:40', 1, 'TRUCK', 7);
INSERT INTO `accesses` (`created_date`, `created_user`, `last_updated_date`, `last_updated_user`, `action_date`, `plot_id`, `vehicle_type`, `auth_id`) VALUES ('2024-07-25 02:46:50.249767', 4, '2024-02-25 00:48:20.972603', 4, '2024-08-04 10:48:16', 10, 'CAR', 9);
INSERT INTO `accesses` (`created_date`, `created_user`, `last_updated_date`, `last_updated_user`, `action_date`, `plot_id`, `vehicle_type`, `auth_id`) VALUES ('2024-01-18 20:50:18.224423', 3, '2024-02-14 22:38:09.092517', 4, '2024-05-17 15:27:33', 3, 'PICKUP', 5);
INSERT INTO `accesses` (`created_date`, `created_user`, `last_updated_date`, `last_updated_user`, `action_date`, `plot_id`, `vehicle_type`, `auth_id`) VALUES ('2024-07-14 19:41:01.217704', 1, '2024-02-04 09:14:43.099220', 1, '2024-10-14 01:16:48', 6, 'PICKUP', 8);
INSERT INTO `accesses` (`created_date`, `created_user`, `last_updated_date`, `last_updated_user`, `action_date`, `plot_id`, `vehicle_type`, `auth_id`) VALUES ('2024-05-13 02:51:41.713219', 5, '2024-03-30 12:07:10.204820', 5, '2024-06-13 13:34:04', 4, 'FOOT', 10);
INSERT INTO `accesses` (`created_date`, `created_user`, `last_updated_date`, `last_updated_user`, `action_date`, `plot_id`, `vehicle_type`, `auth_id`) VALUES ('2024-03-16 17:15:08.649960', 5, '2024-10-17 11:03:20.774905', 5, '2024-07-16 14:27:47', 4, 'PICKUP', 9);
INSERT INTO `accesses` (`created_date`, `created_user`, `last_updated_date`, `last_updated_user`, `action_date`, `plot_id`, `vehicle_type`, `auth_id`) VALUES ('2024-08-25 10:40:31.256881', 1, '2024-09-29 14:05:06.540509', 2, '2024-09-16 19:42:51', 1, 'CAR', 1);
INSERT INTO `accesses` (`created_date`, `created_user`, `last_updated_date`, `last_updated_user`, `action_date`, `plot_id`, `vehicle_type`, `auth_id`) VALUES ('2024-08-02 22:29:05.215871', 4, '2024-03-26 01:11:25.312083', 6, '2024-08-01 16:46:27', 5, 'MOTORBIKE', 8);
INSERT INTO `accesses` (`created_date`, `created_user`, `last_updated_date`, `last_updated_user`, `action_date`, `plot_id`, `vehicle_type`, `auth_id`) VALUES ('2024-03-08 23:03:24.476883', 3, '2024-04-01 20:08:07.318180', 4, '2024-03-05 06:24:20', 6, 'CAR', 1);
INSERT INTO `accesses` (`created_date`, `created_user`, `last_updated_date`, `last_updated_user`, `action_date`, `plot_id`, `vehicle_type`, `auth_id`) VALUES ('2024-01-22 06:50:35.587845', 1, '2024-02-09 06:04:42.395261', 2, '2024-01-13 11:01:49', 1, 'TRUCK', 10);
INSERT INTO `accesses` (`created_date`, `created_user`, `last_updated_date`, `last_updated_user`, `action_date`, `plot_id`, `vehicle_type`, `auth_id`) VALUES ('2024-01-09 13:10:47.972389', 1, '2024-05-15 13:15:40.350561', 4, '2024-07-25 13:29:24', 2, 'TRUCK', 3);
INSERT INTO `accesses` (`created_date`, `created_user`, `last_updated_date`, `last_updated_user`, `action_date`, `plot_id`, `vehicle_type`, `auth_id`) VALUES ('2024-09-26 00:42:02.954354', 5, '2024-09-13 08:07:58.403807', 6, '2024-07-27 15:05:31', 6, 'FOOT', 3);
INSERT INTO `accesses` (`created_date`, `created_user`, `last_updated_date`, `last_updated_user`, `action_date`, `plot_id`, `vehicle_type`, `auth_id`) VALUES ('2024-09-26 12:49:23.020373', 4, '2024-10-19 11:45:21.022201', 2, '2024-04-29 13:45:55', 7, 'TRUCK', 1);
INSERT INTO `accesses` (`created_date`, `created_user`, `last_updated_date`, `last_updated_user`, `action_date`, `plot_id`, `vehicle_type`, `auth_id`) VALUES ('2024-06-06 15:20:40.410360', 5, '2024-07-07 22:27:11.733633', 6, '2024-08-06 14:36:55', 1, 'MOTORBIKE', 1);
INSERT INTO `accesses` (`created_date`, `created_user`, `last_updated_date`, `last_updated_user`, `action_date`, `plot_id`, `vehicle_type`, `auth_id`) VALUES ('2024-04-07 22:23:26.865526', 4, '2024-06-08 05:00:18.623386', 2, '2024-10-05 12:56:44', 5, 'CAR', 10);
INSERT INTO `accesses` (`created_date`, `created_user`, `last_updated_date`, `last_updated_user`, `action_date`, `plot_id`, `vehicle_type`, `auth_id`) VALUES ('2024-03-23 02:02:05.752774', 3, '2024-10-09 16:13:41.633793', 1, '2024-06-07 06:26:55', 1, 'CAR', 6);
INSERT INTO `accesses` (`created_date`, `created_user`, `last_updated_date`, `last_updated_user`, `action_date`, `plot_id`, `vehicle_type`, `auth_id`) VALUES ('2024-02-06 10:27:59.708243', 3, '2024-01-13 08:20:42.246158', 5, '2024-01-06 15:53:58', 8, 'PICKUP', 3);
INSERT INTO `accesses` (`created_date`, `created_user`, `last_updated_date`, `last_updated_user`, `action_date`, `plot_id`, `vehicle_type`, `auth_id`) VALUES ('2024-03-18 06:03:04.390752', 2, '2024-06-11 03:01:52.495456', 5, '2024-03-09 23:42:00', 8, 'PICKUP', 5);
INSERT INTO `accesses` (`created_date`, `created_user`, `last_updated_date`, `last_updated_user`, `action_date`, `plot_id`, `vehicle_type`, `auth_id`) VALUES ('2024-05-11 01:41:01.052354', 3, '2024-04-01 02:29:12.763012', 1, '2024-03-03 23:16:27', 3, 'FOOT', 10);
INSERT INTO `accesses` (`created_date`, `created_user`, `last_updated_date`, `last_updated_user`, `action_date`, `plot_id`, `vehicle_type`, `auth_id`) VALUES ('2024-02-28 06:36:17.207244', 5, '2024-02-23 03:54:00.668893', 5, '2024-07-13 12:45:47', 1, 'CAR', 7);
INSERT INTO `accesses` (`created_date`, `created_user`, `last_updated_date`, `last_updated_user`, `action_date`, `plot_id`, `vehicle_type`, `auth_id`) VALUES ('2024-01-05 14:04:38.627045', 5, '2024-10-31 22:25:47.578261', 2, '2024-06-29 07:26:31', 5, 'TRUCK', 4);
INSERT INTO `accesses` (`created_date`, `created_user`, `last_updated_date`, `last_updated_user`, `action_date`, `plot_id`, `vehicle_type`, `auth_id`) VALUES ('2024-07-04 04:40:12.219873', 6, '2024-02-06 19:16:42.042148', 4, '2024-03-30 14:25:04', 9, 'CAR', 3);
INSERT INTO `accesses` (`created_date`, `created_user`, `last_updated_date`, `last_updated_user`, `action_date`, `plot_id`, `vehicle_type`, `auth_id`) VALUES ('2024-02-20 07:03:34.712835', 6, '2024-01-14 17:46:52.001567', 1, '2024-05-19 13:53:42', 5, 'FOOT', 5);
INSERT INTO `accesses` (`created_date`, `created_user`, `last_updated_date`, `last_updated_user`, `action_date`, `plot_id`, `vehicle_type`, `auth_id`) VALUES ('2024-05-20 09:48:50.487600', 1, '2024-02-20 18:39:35.771490', 3, '2024-02-20 19:08:44', 10, 'TRUCK', 8);
INSERT INTO `accesses` (`created_date`, `created_user`, `last_updated_date`, `last_updated_user`, `action_date`, `plot_id`, `vehicle_type`, `auth_id`) VALUES ('2024-10-26 15:52:36.953809', 3, '2024-03-09 06:01:35.371364', 1, '2024-10-04 06:25:26', 8, 'TRUCK', 8);
INSERT INTO `accesses` (`created_date`, `created_user`, `last_updated_date`, `last_updated_user`, `action_date`, `plot_id`, `vehicle_type`, `auth_id`) VALUES ('2024-07-19 17:14:55.453436', 3, '2024-10-30 23:07:46.261160', 4, '2024-02-17 09:37:22', 4, 'PICKUP', 8);
INSERT INTO `accesses` (`created_date`, `created_user`, `last_updated_date`, `last_updated_user`, `action_date`, `plot_id`, `vehicle_type`, `auth_id`) VALUES ('2024-09-22 18:06:52.577435', 5, '2024-10-26 09:44:08.071996', 1, '2024-03-09 14:52:35', 5, 'FOOT', 7);
INSERT INTO `accesses` (`created_date`, `created_user`, `last_updated_date`, `last_updated_user`, `action_date`, `plot_id`, `vehicle_type`, `auth_id`) VALUES ('2024-08-31 05:36:55.862035', 1, '2024-04-05 05:23:51.634865', 1, '2024-02-01 00:25:33', 1, 'MOTORBIKE', 5);
INSERT INTO `accesses` (`created_date`, `created_user`, `last_updated_date`, `last_updated_user`, `action_date`, `plot_id`, `vehicle_type`, `auth_id`) VALUES ('2024-01-10 22:55:48.676386', 5, '2024-06-27 21:25:25.681670', 6, '2024-04-21 18:13:16', 10, 'MOTORBIKE', 9);
INSERT INTO `accesses` (`created_date`, `created_user`, `last_updated_date`, `last_updated_user`, `action_date`, `plot_id`, `vehicle_type`, `auth_id`) VALUES ('2024-09-23 22:23:33.954991', 5, '2024-08-10 11:29:58.210816', 6, '2024-07-07 10:32:40', 1, 'PICKUP', 4);
INSERT INTO `accesses` (`created_date`, `created_user`, `last_updated_date`, `last_updated_user`, `action_date`, `plot_id`, `vehicle_type`, `auth_id`) VALUES ('2024-02-09 03:10:09.515920', 6, '2024-02-29 08:05:31.498104', 5, '2024-04-23 12:33:34', 10, 'CAR', 5);
INSERT INTO `accesses` (`created_date`, `created_user`, `last_updated_date`, `last_updated_user`, `action_date`, `plot_id`, `vehicle_type`, `auth_id`) VALUES ('2024-08-18 20:40:38.352378', 6, '2024-10-10 03:58:12.165090', 6, '2024-03-04 06:09:40', 3, 'TRUCK', 4);
INSERT INTO `accesses` (`created_date`, `created_user`, `last_updated_date`, `last_updated_user`, `action_date`, `plot_id`, `vehicle_type`, `auth_id`) VALUES ('2024-02-06 12:58:32.336240', 3, '2024-08-17 18:49:53.720254', 1, '2024-05-29 00:53:34', 9, 'PICKUP', 4);
INSERT INTO `accesses` (`created_date`, `created_user`, `last_updated_date`, `last_updated_user`, `action_date`, `plot_id`, `vehicle_type`, `auth_id`) VALUES ('2024-05-17 16:44:27.750057', 5, '2024-10-29 03:31:15.475981', 4, '2024-04-10 22:32:04', 1, 'CAR', 5);
INSERT INTO `accesses` (`created_date`, `created_user`, `last_updated_date`, `last_updated_user`, `action_date`, `plot_id`, `vehicle_type`, `auth_id`) VALUES ('2024-02-19 19:13:45.194272', 5, '2024-02-23 01:05:37.391025', 6, '2024-03-04 01:53:05', 8, 'FOOT', 1);
INSERT INTO `accesses` (`created_date`, `created_user`, `last_updated_date`, `last_updated_user`, `action_date`, `plot_id`, `vehicle_type`, `auth_id`) VALUES ('2024-03-30 17:57:11.204698', 6, '2024-09-07 13:02:45.420482', 5, '2024-01-30 00:07:03', 5, 'CAR', 8);
INSERT INTO `accesses` (`created_date`, `created_user`, `last_updated_date`, `last_updated_user`, `action_date`, `plot_id`, `vehicle_type`, `auth_id`) VALUES ('2024-02-29 14:51:17.242995', 6, '2024-02-26 15:13:05.120080', 1, '2024-05-31 09:53:15', 7, 'FOOT', 4);
INSERT INTO `accesses` (`created_date`, `created_user`, `last_updated_date`, `last_updated_user`, `action_date`, `plot_id`, `vehicle_type`, `auth_id`) VALUES ('2024-04-23 12:11:02.229374', 1, '2024-07-01 00:36:50.212070', 4, '2024-08-13 16:09:43', 10, 'MOTORBIKE', 3);
INSERT INTO `accesses` (`created_date`, `created_user`, `last_updated_date`, `last_updated_user`, `action_date`, `plot_id`, `vehicle_type`, `auth_id`) VALUES ('2024-08-30 21:34:02.516672', 4, '2024-09-25 04:11:25.920636', 3, '2024-02-09 23:17:21', 6, 'CAR', 10);
INSERT INTO `accesses` (`created_date`, `created_user`, `last_updated_date`, `last_updated_user`, `action_date`, `plot_id`, `vehicle_type`, `auth_id`) VALUES ('2024-09-01 04:07:00.583014', 1, '2024-03-06 03:48:23.357699', 6, '2024-07-23 14:32:08', 1, 'MOTORBIKE', 4);
INSERT INTO `accesses` (`created_date`, `created_user`, `last_updated_date`, `last_updated_user`, `action_date`, `plot_id`, `vehicle_type`, `auth_id`) VALUES ('2024-04-13 23:32:11.082884', 3, '2024-06-23 08:03:58.779920', 3, '2024-05-08 05:57:50', 3, 'FOOT', 7);
INSERT INTO `accesses` (`created_date`, `created_user`, `last_updated_date`, `last_updated_user`, `action_date`, `plot_id`, `vehicle_type`, `auth_id`) VALUES ('2024-04-30 00:02:47.841025', 1, '2024-04-06 00:20:59.544906', 5, '2024-09-23 05:01:29', 1, 'MOTORBIKE', 1);
INSERT INTO `accesses` (`created_date`, `created_user`, `last_updated_date`, `last_updated_user`, `action_date`, `plot_id`, `vehicle_type`, `auth_id`) VALUES ('2024-04-16 12:20:05.875479', 5, '2024-09-21 07:32:25.760748', 5, '2024-07-21 02:46:44', 9, 'TRUCK', 6);
INSERT INTO `accesses` (`created_date`, `created_user`, `last_updated_date`, `last_updated_user`, `action_date`, `plot_id`, `vehicle_type`, `auth_id`) VALUES ('2024-03-14 21:08:45.951132', 2, '2024-01-07 11:19:39.809462', 5, '2024-09-15 10:46:33', 3, 'PICKUP', 3);
INSERT INTO `accesses` (`created_date`, `created_user`, `last_updated_date`, `last_updated_user`, `action_date`, `plot_id`, `vehicle_type`, `auth_id`) VALUES ('2024-01-19 11:44:09.093723', 2, '2024-02-01 12:25:39.611984', 6, '2024-04-25 08:48:16', 8, 'CAR', 5);
INSERT INTO `accesses` (`created_date`, `created_user`, `last_updated_date`, `last_updated_user`, `action_date`, `plot_id`, `vehicle_type`, `auth_id`) VALUES ('2024-05-05 06:08:53.478258', 3, '2024-09-19 07:06:38.487299', 1, '2024-03-12 17:12:53', 5, 'MOTORBIKE', 2);
INSERT INTO `accesses` (`created_date`, `created_user`, `last_updated_date`, `last_updated_user`, `action_date`, `plot_id`, `vehicle_type`, `auth_id`) VALUES ('2024-06-03 12:31:12.392688', 4, '2024-01-24 22:47:23.821087', 5, '2024-05-07 08:07:50', 9, 'PICKUP', 7);
INSERT INTO `accesses` (`created_date`, `created_user`, `last_updated_date`, `last_updated_user`, `action_date`, `plot_id`, `vehicle_type`, `auth_id`) VALUES ('2024-02-21 19:23:53.843129', 3, '2024-05-19 18:44:46.958645', 3, '2024-01-11 06:13:59', 1, 'CAR', 1);
INSERT INTO `accesses` (`created_date`, `created_user`, `last_updated_date`, `last_updated_user`, `action_date`, `plot_id`, `vehicle_type`, `auth_id`) VALUES ('2024-03-28 08:35:41.030867', 2, '2024-03-23 14:12:21.626019', 1, '2024-06-16 02:16:37', 10, 'CAR', 6);
INSERT INTO `accesses` (`created_date`, `created_user`, `last_updated_date`, `last_updated_user`, `action_date`, `plot_id`, `vehicle_type`, `auth_id`) VALUES ('2024-03-02 08:55:33.221427', 3, '2024-10-16 19:40:26.714873', 5, '2024-03-13 19:24:48', 5, 'MOTORBIKE', 10);
INSERT INTO `accesses` (`created_date`, `created_user`, `last_updated_date`, `last_updated_user`, `action_date`, `plot_id`, `vehicle_type`, `auth_id`) VALUES ('2024-05-13 05:48:48.926834', 2, '2024-05-23 20:34:03.214984', 6, '2024-05-11 01:18:12', 7, 'CAR', 2);
INSERT INTO `accesses` (`created_date`, `created_user`, `last_updated_date`, `last_updated_user`, `action_date`, `plot_id`, `vehicle_type`, `auth_id`) VALUES ('2024-05-11 17:41:41.278692', 4, '2024-04-29 21:10:23.725449', 6, '2024-10-24 16:08:09', 6, 'FOOT', 5);
INSERT INTO `accesses` (`created_date`, `created_user`, `last_updated_date`, `last_updated_user`, `action_date`, `plot_id`, `vehicle_type`, `auth_id`) VALUES ('2024-04-30 05:01:05.720673', 2, '2024-06-06 09:00:46.610008', 2, '2024-05-05 18:34:35', 10, 'TRUCK', 4);
INSERT INTO `accesses` (`created_date`, `created_user`, `last_updated_date`, `last_updated_user`, `action_date`, `plot_id`, `vehicle_type`, `auth_id`) VALUES ('2024-07-13 23:07:32.221308', 1, '2024-08-02 13:03:37.281592', 3, '2024-04-11 22:18:13', 8, 'TRUCK', 10);
INSERT INTO `accesses` (`created_date`, `created_user`, `last_updated_date`, `last_updated_user`, `action_date`, `plot_id`, `vehicle_type`, `auth_id`) VALUES ('2024-05-06 05:56:39.857004', 2, '2024-04-15 11:59:47.169404', 5, '2024-03-25 13:22:45', 6, 'TRUCK', 1);
INSERT INTO `accesses` (`created_date`, `created_user`, `last_updated_date`, `last_updated_user`, `action_date`, `plot_id`, `vehicle_type`, `auth_id`) VALUES ('2024-09-15 22:56:03.457087', 4, '2024-08-12 00:59:19.595068', 3, '2024-05-07 10:43:37', 9, 'TRUCK', 3);
INSERT INTO `accesses` (`created_date`, `created_user`, `last_updated_date`, `last_updated_user`, `action_date`, `plot_id`, `vehicle_type`, `auth_id`) VALUES ('2024-08-03 11:27:38.734118', 3, '2024-09-01 05:17:11.694503', 2, '2024-02-17 19:51:17', 9, 'MOTORBIKE', 6);
INSERT INTO `accesses` (`created_date`, `created_user`, `last_updated_date`, `last_updated_user`, `action_date`, `plot_id`, `vehicle_type`, `auth_id`) VALUES ('2024-04-08 21:49:49.178632', 3, '2024-02-05 21:23:17.202972', 1, '2024-01-21 12:35:26', 6, 'TRUCK', 6);
INSERT INTO `accesses` (`created_date`, `created_user`, `last_updated_date`, `last_updated_user`, `action_date`, `plot_id`, `vehicle_type`, `auth_id`) VALUES ('2024-07-01 07:55:03.898217', 5, '2024-02-09 14:08:19.932181', 3, '2024-08-06 15:11:40', 2, 'PICKUP', 7);
INSERT INTO `accesses` (`created_date`, `created_user`, `last_updated_date`, `last_updated_user`, `action_date`, `plot_id`, `vehicle_type`, `auth_id`) VALUES ('2024-06-01 14:23:49.698057', 2, '2024-10-07 13:17:03.079494', 4, '2024-01-15 13:53:27', 2, 'MOTORBIKE', 3);
INSERT INTO `accesses` (`created_date`, `created_user`, `last_updated_date`, `last_updated_user`, `action_date`, `plot_id`, `vehicle_type`, `auth_id`) VALUES ('2024-05-28 00:54:07.716248', 6, '2024-05-14 22:07:11.886663', 3, '2024-02-04 10:54:54', 2, 'CAR', 10);
INSERT INTO `accesses` (`created_date`, `created_user`, `last_updated_date`, `last_updated_user`, `action_date`, `plot_id`, `vehicle_type`, `auth_id`) VALUES ('2024-07-24 21:49:41.228419', 2, '2024-09-15 16:36:52.614178', 2, '2024-03-28 01:59:16', 8, 'MOTORBIKE', 9);
INSERT INTO `accesses` (`created_date`, `created_user`, `last_updated_date`, `last_updated_user`, `action_date`, `plot_id`, `vehicle_type`, `auth_id`) VALUES ('2024-05-17 23:34:56.527731', 1, '2024-01-06 19:16:52.534488', 3, '2024-06-05 08:58:46', 2, 'TRUCK', 6);
INSERT INTO `accesses` (`created_date`, `created_user`, `last_updated_date`, `last_updated_user`, `action_date`, `plot_id`, `vehicle_type`, `auth_id`) VALUES ('2024-01-31 17:33:05.348424', 2, '2024-01-01 10:16:06.103293', 2, '2024-01-30 16:25:53', 10, 'TRUCK', 6);
INSERT INTO `accesses` (`created_date`, `created_user`, `last_updated_date`, `last_updated_user`, `action_date`, `plot_id`, `vehicle_type`, `auth_id`) VALUES ('2024-10-24 20:27:42.243729', 6, '2024-10-16 02:32:18.295340', 5, '2024-05-18 16:44:13', 2, 'PICKUP', 7);
INSERT INTO `accesses` (`created_date`, `created_user`, `last_updated_date`, `last_updated_user`, `action_date`, `plot_id`, `vehicle_type`, `auth_id`) VALUES ('2024-09-20 00:17:58.803681', 1, '2024-10-17 17:38:41.825995', 2, '2024-06-11 08:35:57', 2, 'FOOT', 6);
INSERT INTO `accesses` (`created_date`, `created_user`, `last_updated_date`, `last_updated_user`, `action_date`, `plot_id`, `vehicle_type`, `auth_id`) VALUES ('2024-02-27 13:26:24.805926', 3, '2024-04-01 00:03:58.904411', 4, '2024-09-07 14:59:17', 1, 'FOOT', 1);
INSERT INTO `accesses` (`created_date`, `created_user`, `last_updated_date`, `last_updated_user`, `action_date`, `plot_id`, `vehicle_type`, `auth_id`) VALUES ('2024-06-09 12:43:51.993366', 4, '2024-03-28 19:50:36.587880', 6, '2024-02-23 12:11:34', 4, 'MOTORBIKE', 6);
INSERT INTO `accesses` (`created_date`, `created_user`, `last_updated_date`, `last_updated_user`, `action_date`, `plot_id`, `vehicle_type`, `auth_id`) VALUES ('2024-07-08 10:41:53.343327', 1, '2024-03-24 10:43:22.386988', 3, '2024-09-05 22:29:51', 5, 'PICKUP', 2);
INSERT INTO `accesses` (`created_date`, `created_user`, `last_updated_date`, `last_updated_user`, `action_date`, `plot_id`, `vehicle_type`, `auth_id`) VALUES ('2024-06-22 17:31:47.939987', 6, '2024-04-07 14:10:23.280963', 6, '2024-06-09 14:15:53', 10, 'PICKUP', 2);
INSERT INTO `accesses` (`created_date`, `created_user`, `last_updated_date`, `last_updated_user`, `action_date`, `plot_id`, `vehicle_type`, `auth_id`) VALUES ('2024-09-01 10:46:19.517630', 3, '2024-07-03 22:52:29.747757', 2, '2024-05-21 06:50:38', 7, 'PICKUP', 6);
INSERT INTO `accesses` (`created_date`, `created_user`, `last_updated_date`, `last_updated_user`, `action_date`, `plot_id`, `vehicle_type`, `auth_id`) VALUES ('2024-05-13 16:11:20.234040', 3, '2024-02-06 19:11:52.590385', 5, '2024-01-09 05:54:41', 1, 'FOOT', 9);
INSERT INTO `accesses` (`created_date`, `created_user`, `last_updated_date`, `last_updated_user`, `action_date`, `plot_id`, `vehicle_type`, `auth_id`) VALUES ('2024-04-24 03:52:33.650938', 6, '2024-07-07 08:18:36.445490', 4, '2024-03-04 09:54:07', 2, 'FOOT', 6);
INSERT INTO `accesses` (`created_date`, `created_user`, `last_updated_date`, `last_updated_user`, `action_date`, `plot_id`, `vehicle_type`, `auth_id`) VALUES ('2024-09-30 00:59:05.325506', 5, '2024-10-29 05:17:32.959253', 1, '2024-05-03 20:17:09', 7, 'MOTORBIKE', 3);
INSERT INTO `accesses` (`created_date`, `created_user`, `last_updated_date`, `last_updated_user`, `action_date`, `plot_id`, `vehicle_type`, `auth_id`) VALUES ('2024-05-10 12:12:07.081805', 1, '2024-10-20 12:43:03.929359', 6, '2024-07-21 07:40:37', 4, 'MOTORBIKE', 7);
INSERT INTO `accesses` (`created_date`, `created_user`, `last_updated_date`, `last_updated_user`, `action_date`, `plot_id`, `vehicle_type`, `auth_id`) VALUES ('2024-02-13 07:53:43.572498', 4, '2024-10-21 14:40:43.245825', 2, '2024-04-26 02:43:15', 1, 'PICKUP', 8);
INSERT INTO `accesses` (`created_date`, `created_user`, `last_updated_date`, `last_updated_user`, `action_date`, `plot_id`, `vehicle_type`, `auth_id`) VALUES ('2024-09-11 03:17:31.567197', 2, '2024-09-08 06:00:47.465209', 2, '2024-11-03 17:15:41', 6, 'TRUCK', 10);
INSERT INTO `accesses` (`created_date`, `created_user`, `last_updated_date`, `last_updated_user`, `action_date`, `plot_id`, `vehicle_type`, `auth_id`) VALUES ('2024-07-03 06:12:25.890877', 2, '2024-05-22 07:27:13.663627', 1, '2024-02-23 00:50:24', 4, 'PICKUP', 7);
INSERT INTO `accesses` (`created_date`, `created_user`, `last_updated_date`, `last_updated_user`, `action_date`, `plot_id`, `vehicle_type`, `auth_id`) VALUES ('2024-08-28 00:47:09.821693', 3, '2024-10-06 22:59:37.946717', 6, '2024-01-03 23:10:53', 9, 'FOOT', 8);
INSERT INTO `accesses` (`created_date`, `created_user`, `last_updated_date`, `last_updated_user`, `action_date`, `plot_id`, `vehicle_type`, `auth_id`) VALUES ('2024-05-24 00:31:33.980741', 3, '2024-02-16 13:36:14.460165', 1, '2024-07-05 10:39:42', 1, 'PICKUP', 8);
INSERT INTO `accesses` (`created_date`, `created_user`, `last_updated_date`, `last_updated_user`, `action_date`, `plot_id`, `vehicle_type`, `auth_id`) VALUES ('2024-04-22 04:46:33.912290', 4, '2024-07-03 02:13:21.566845', 5, '2024-04-26 03:41:37', 1, 'TRUCK', 9);
INSERT INTO `accesses` (`created_date`, `created_user`, `last_updated_date`, `last_updated_user`, `action_date`, `plot_id`, `vehicle_type`, `auth_id`) VALUES ('2024-10-20 01:59:29.755679', 6, '2024-07-05 10:01:36.476263', 3, '2024-08-25 01:44:46', 8, 'TRUCK', 4);
INSERT INTO `accesses` (`created_date`, `created_user`, `last_updated_date`, `last_updated_user`, `action_date`, `plot_id`, `vehicle_type`, `auth_id`) VALUES ('2024-03-15 10:57:41.486379', 3, '2024-01-03 05:31:28.478419', 5, '2024-02-26 10:57:25', 5, 'MOTORBIKE', 8);
INSERT INTO `accesses` (`created_date`, `created_user`, `last_updated_date`, `last_updated_user`, `action_date`, `plot_id`, `vehicle_type`, `auth_id`) VALUES ('2024-07-11 11:46:08.734354', 4, '2024-05-24 06:30:19.905029', 1, '2024-04-23 13:59:29', 10, 'FOOT', 2);
INSERT INTO `accesses` (`created_date`, `created_user`, `last_updated_date`, `last_updated_user`, `action_date`, `plot_id`, `vehicle_type`, `auth_id`) VALUES ('2024-09-29 01:45:43.655945', 5, '2024-09-11 12:55:13.385864', 4, '2024-11-03 04:41:56', 7, 'CAR', 2);
INSERT INTO `accesses` (`created_date`, `created_user`, `last_updated_date`, `last_updated_user`, `action_date`, `plot_id`, `vehicle_type`, `auth_id`) VALUES ('2024-08-07 06:12:57.904220', 2, '2024-10-24 23:35:52.804755', 1, '2024-02-19 08:53:49', 3, 'CAR', 4);
INSERT INTO `accesses` (`created_date`, `created_user`, `last_updated_date`, `last_updated_user`, `action_date`, `plot_id`, `vehicle_type`, `auth_id`) VALUES ('2024-05-03 17:21:51.620480', 3, '2024-08-15 23:36:56.396615', 5, '2024-05-19 22:18:43', 7, 'FOOT', 6);
INSERT INTO `accesses` (`created_date`, `created_user`, `last_updated_date`, `last_updated_user`, `action_date`, `plot_id`, `vehicle_type`, `auth_id`) VALUES ('2024-03-01 06:08:51.280862', 3, '2024-08-14 10:56:23.856760', 1, '2024-08-22 08:31:41', 5, 'TRUCK', 1);
INSERT INTO `accesses` (`created_date`, `created_user`, `last_updated_date`, `last_updated_user`, `action_date`, `plot_id`, `vehicle_type`, `auth_id`) VALUES ('2024-07-29 05:53:32.342936', 2, '2024-10-03 11:09:40.209201', 1, '2024-09-02 16:09:20', 2, 'FOOT', 2);
INSERT INTO `accesses` (`created_date`, `created_user`, `last_updated_date`, `last_updated_user`, `action_date`, `plot_id`, `vehicle_type`, `auth_id`) VALUES ('2024-02-19 19:47:47.278062', 6, '2024-09-09 20:23:03.945972', 5, '2024-09-30 06:03:19', 8, 'FOOT', 8);
INSERT INTO `accesses` (`created_date`, `created_user`, `last_updated_date`, `last_updated_user`, `action_date`, `plot_id`, `vehicle_type`, `auth_id`) VALUES ('2024-09-19 12:52:11.061555', 1, '2024-02-25 12:15:17.461174', 4, '2024-10-17 18:55:36', 8, 'MOTORBIKE', 1);
INSERT INTO `accesses` (`created_date`, `created_user`, `last_updated_date`, `last_updated_user`, `action_date`, `plot_id`, `vehicle_type`, `auth_id`) VALUES ('2024-06-04 02:06:53.170541', 6, '2024-10-15 12:20:28.727197', 4, '2024-02-05 15:02:17', 5, 'MOTORBIKE', 5);
INSERT INTO `accesses` (`created_date`, `created_user`, `last_updated_date`, `last_updated_user`, `action_date`, `plot_id`, `vehicle_type`, `auth_id`) VALUES ('2024-05-19 22:31:10.890033', 1, '2024-07-20 13:46:46.451257', 6, '2024-10-27 11:09:25', 8, 'CAR', 5);
INSERT INTO `accesses` (`created_date`, `created_user`, `last_updated_date`, `last_updated_user`, `action_date`, `plot_id`, `vehicle_type`, `auth_id`) VALUES ('2024-11-02 11:22:38.273727', 4, '2024-02-12 17:12:38.841069', 5, '2024-02-13 19:31:37', 10, 'CAR', 2);
INSERT INTO `accesses` (`created_date`, `created_user`, `last_updated_date`, `last_updated_user`, `action_date`, `plot_id`, `vehicle_type`, `auth_id`) VALUES ('2024-08-02 05:21:18.591142', 2, '2024-07-15 09:08:35.351286', 3, '2024-06-04 15:04:17', 5, 'CAR', 5);
INSERT INTO `accesses` (`created_date`, `created_user`, `last_updated_date`, `last_updated_user`, `action_date`, `plot_id`, `vehicle_type`, `auth_id`) VALUES ('2024-08-23 22:07:30.907898', 2, '2024-09-22 08:31:54.340751', 2, '2024-02-08 11:56:45', 5, 'CAR', 3);
INSERT INTO `accesses` (`created_date`, `created_user`, `last_updated_date`, `last_updated_user`, `action_date`, `plot_id`, `vehicle_type`, `auth_id`) VALUES ('2024-09-29 03:58:00.333370', 4, '2024-06-08 01:36:10.321532', 6, '2024-05-05 03:12:54', 7, 'CAR', 2);
INSERT INTO `accesses` (`created_date`, `created_user`, `last_updated_date`, `last_updated_user`, `action_date`, `plot_id`, `vehicle_type`, `auth_id`) VALUES ('2024-02-21 05:33:47.767560', 6, '2024-08-29 21:13:53.794414', 1, '2024-01-02 02:22:36', 3, 'FOOT', 6);
INSERT INTO `accesses` (`created_date`, `created_user`, `last_updated_date`, `last_updated_user`, `action_date`, `plot_id`, `vehicle_type`, `auth_id`) VALUES ('2024-02-06 21:48:28.021860', 1, '2024-04-05 15:29:04.961436', 4, '2024-05-18 10:28:53', 2, 'PICKUP', 6);
INSERT INTO `accesses` (`created_date`, `created_user`, `last_updated_date`, `last_updated_user`, `action_date`, `plot_id`, `vehicle_type`, `auth_id`) VALUES ('2024-07-26 21:54:50.840846', 3, '2024-11-01 21:25:53.722456', 5, '2024-07-17 11:09:55', 6, 'TRUCK', 2);
INSERT INTO `accesses` (`created_date`, `created_user`, `last_updated_date`, `last_updated_user`, `action_date`, `plot_id`, `vehicle_type`, `auth_id`) VALUES ('2024-04-20 12:50:35.870833', 1, '2024-02-28 14:13:55.308780', 6, '2024-04-21 03:46:25', 7, 'TRUCK', 2);
INSERT INTO `accesses` (`created_date`, `created_user`, `last_updated_date`, `last_updated_user`, `action_date`, `plot_id`, `vehicle_type`, `auth_id`) VALUES ('2024-01-14 13:15:45.091831', 6, '2024-03-22 01:20:44.465707', 2, '2024-06-20 02:17:39', 5, 'TRUCK', 8);
INSERT INTO `accesses` (`created_date`, `created_user`, `last_updated_date`, `last_updated_user`, `action_date`, `plot_id`, `vehicle_type`, `auth_id`) VALUES ('2024-01-13 00:06:15.256257', 3, '2024-05-05 14:26:46.934170', 6, '2024-01-02 01:46:26', 5, 'TRUCK', 8);
INSERT INTO `accesses` (`created_date`, `created_user`, `last_updated_date`, `last_updated_user`, `action_date`, `plot_id`, `vehicle_type`, `auth_id`) VALUES ('2024-01-04 06:54:31.887000', 4, '2024-06-26 12:32:35.089147', 1, '2024-07-09 07:40:48', 3, 'MOTORBIKE', 2);
INSERT INTO `accesses` (`created_date`, `created_user`, `last_updated_date`, `last_updated_user`, `action_date`, `plot_id`, `vehicle_type`, `auth_id`) VALUES ('2024-05-18 06:49:43.730471', 6, '2024-07-21 11:49:30.161836', 4, '2024-07-12 20:55:16', 2, 'PICKUP', 9);
INSERT INTO `accesses` (`created_date`, `created_user`, `last_updated_date`, `last_updated_user`, `action_date`, `plot_id`, `vehicle_type`, `auth_id`) VALUES ('2024-09-23 22:28:16.108391', 5, '2024-07-03 06:23:20.780533', 5, '2024-02-25 08:36:11', 9, 'FOOT', 2);
INSERT INTO `accesses` (`created_date`, `created_user`, `last_updated_date`, `last_updated_user`, `action_date`, `plot_id`, `vehicle_type`, `auth_id`) VALUES ('2024-02-10 02:30:14.887826', 2, '2024-01-07 22:09:04.983930', 1, '2024-05-21 01:43:15', 8, 'PICKUP', 5);
INSERT INTO `accesses` (`created_date`, `created_user`, `last_updated_date`, `last_updated_user`, `action_date`, `plot_id`, `vehicle_type`, `auth_id`) VALUES ('2024-01-08 21:16:31.637580', 4, '2024-09-26 23:45:28.966767', 6, '2024-01-07 04:04:02', 10, 'PICKUP', 10);
INSERT INTO `accesses` (`created_date`, `created_user`, `last_updated_date`, `last_updated_user`, `action_date`, `plot_id`, `vehicle_type`, `auth_id`) VALUES ('2024-02-01 02:43:58.427671', 2, '2024-03-20 03:55:56.040612', 4, '2024-01-02 10:44:34', 1, 'CAR', 5);
INSERT INTO `accesses` (`created_date`, `created_user`, `last_updated_date`, `last_updated_user`, `action_date`, `plot_id`, `vehicle_type`, `auth_id`) VALUES ('2024-09-23 02:54:24.192039', 2, '2024-03-12 08:52:58.580769', 6, '2024-02-03 17:22:32', 1, 'MOTORBIKE', 7);
INSERT INTO `accesses` (`created_date`, `created_user`, `last_updated_date`, `last_updated_user`, `action_date`, `plot_id`, `vehicle_type`, `auth_id`) VALUES ('2024-07-21 15:35:52.641625', 2, '2024-08-12 01:47:25.876643', 4, '2024-02-23 02:20:10', 8, 'MOTORBIKE', 2);
INSERT INTO `accesses` (`created_date`, `created_user`, `last_updated_date`, `last_updated_user`, `action_date`, `plot_id`, `vehicle_type`, `auth_id`) VALUES ('2024-08-04 17:59:52.445488', 1, '2024-05-14 07:50:34.109940', 5, '2024-03-18 04:01:31', 2, 'MOTORBIKE', 10);
INSERT INTO `accesses` (`created_date`, `created_user`, `last_updated_date`, `last_updated_user`, `action_date`, `plot_id`, `vehicle_type`, `auth_id`) VALUES ('2024-10-28 04:21:11.428265', 6, '2024-07-27 11:00:05.578649', 5, '2024-06-27 22:47:15', 6, 'MOTORBIKE', 2);
INSERT INTO `accesses` (`created_date`, `created_user`, `last_updated_date`, `last_updated_user`, `action_date`, `plot_id`, `vehicle_type`, `auth_id`) VALUES ('2024-01-26 09:23:28.446314', 1, '2024-04-10 01:12:16.878167', 1, '2024-10-07 01:16:01', 9, 'FOOT', 3);
INSERT INTO `accesses` (`created_date`, `created_user`, `last_updated_date`, `last_updated_user`, `action_date`, `plot_id`, `vehicle_type`, `auth_id`) VALUES ('2024-04-16 06:55:35.838473', 5, '2024-04-07 20:21:31.374226', 4, '2024-02-09 00:38:45', 10, 'PICKUP', 5);
INSERT INTO `accesses` (`created_date`, `created_user`, `last_updated_date`, `last_updated_user`, `action_date`, `plot_id`, `vehicle_type`, `auth_id`) VALUES ('2024-07-12 17:27:47.672700', 6, '2024-03-24 19:25:38.088913', 2, '2024-09-21 22:03:16', 4, 'CAR', 6);
INSERT INTO `accesses` (`created_date`, `created_user`, `last_updated_date`, `last_updated_user`, `action_date`, `plot_id`, `vehicle_type`, `auth_id`) VALUES ('2024-05-30 10:18:49.390515', 5, '2024-05-29 19:29:19.304553', 1, '2024-10-26 06:38:11', 10, 'PICKUP', 4);
INSERT INTO `accesses` (`created_date`, `created_user`, `last_updated_date`, `last_updated_user`, `action_date`, `plot_id`, `vehicle_type`, `auth_id`) VALUES ('2024-03-03 04:02:28.341594', 2, '2024-09-03 20:30:22.995070', 2, '2024-08-18 22:39:03', 3, 'MOTORBIKE', 8);
INSERT INTO `accesses` (`created_date`, `created_user`, `last_updated_date`, `last_updated_user`, `action_date`, `plot_id`, `vehicle_type`, `auth_id`) VALUES ('2024-10-10 00:41:32.644225', 2, '2024-04-21 10:40:08.746180', 5, '2024-03-08 19:18:47', 1, 'CAR', 1);
INSERT INTO `accesses` (`created_date`, `created_user`, `last_updated_date`, `last_updated_user`, `action_date`, `plot_id`, `vehicle_type`, `auth_id`) VALUES ('2024-06-24 18:37:43.827408', 2, '2024-06-21 07:51:09.807293', 4, '2024-05-28 01:06:08', 2, 'PICKUP', 6);
INSERT INTO `accesses` (`created_date`, `created_user`, `last_updated_date`, `last_updated_user`, `action_date`, `plot_id`, `vehicle_type`, `auth_id`) VALUES ('2024-09-05 03:53:05.974914', 2, '2024-01-03 15:28:36.912179', 5, '2024-06-02 05:26:52', 7, 'FOOT', 8);
INSERT INTO `accesses` (`created_date`, `created_user`, `last_updated_date`, `last_updated_user`, `action_date`, `plot_id`, `vehicle_type`, `auth_id`) VALUES ('2024-02-23 08:59:21.736008', 2, '2024-09-08 13:44:40.253226', 4, '2024-02-26 15:52:22', 3, 'CAR', 10);
INSERT INTO `accesses` (`created_date`, `created_user`, `last_updated_date`, `last_updated_user`, `action_date`, `plot_id`, `vehicle_type`, `auth_id`) VALUES ('2024-02-22 07:23:39.322913', 3, '2024-05-03 03:39:28.178371', 6, '2024-07-27 12:15:30', 2, 'MOTORBIKE', 9);
INSERT INTO `accesses` (`created_date`, `created_user`, `last_updated_date`, `last_updated_user`, `action_date`, `plot_id`, `vehicle_type`, `auth_id`) VALUES ('2024-01-06 12:21:26.002249', 4, '2024-03-29 14:39:49.859126', 6, '2024-05-06 15:03:53', 7, 'CAR', 8);
INSERT INTO `accesses` (`created_date`, `created_user`, `last_updated_date`, `last_updated_user`, `action_date`, `plot_id`, `vehicle_type`, `auth_id`) VALUES ('2024-03-07 14:38:36.531232', 1, '2024-05-26 14:06:15.146738', 1, '2024-08-22 14:34:28', 8, 'CAR', 7);
INSERT INTO `accesses` (`created_date`, `created_user`, `last_updated_date`, `last_updated_user`, `action_date`, `plot_id`, `vehicle_type`, `auth_id`) VALUES ('2024-07-29 05:18:55.209933', 3, '2024-07-10 00:15:54.360616', 1, '2024-02-22 06:20:08', 5, 'TRUCK', 9);
INSERT INTO `accesses` (`created_date`, `created_user`, `last_updated_date`, `last_updated_user`, `action_date`, `plot_id`, `vehicle_type`, `auth_id`) VALUES ('2024-08-11 10:10:40.407403', 5, '2024-06-23 23:17:37.319175', 2, '2024-05-09 11:19:44', 9, 'CAR', 3);
INSERT INTO `accesses` (`created_date`, `created_user`, `last_updated_date`, `last_updated_user`, `action_date`, `plot_id`, `vehicle_type`, `auth_id`) VALUES ('2024-04-14 14:48:16.648334', 2, '2024-06-16 12:48:23.852728', 2, '2024-07-12 09:36:54', 6, 'PICKUP', 8);
INSERT INTO `accesses` (`created_date`, `created_user`, `last_updated_date`, `last_updated_user`, `action_date`, `plot_id`, `vehicle_type`, `auth_id`) VALUES ('2024-06-24 13:55:28.532939', 6, '2024-01-15 12:19:04.041976', 6, '2024-04-26 20:30:22', 4, 'MOTORBIKE', 5);
INSERT INTO `accesses` (`created_date`, `created_user`, `last_updated_date`, `last_updated_user`, `action_date`, `plot_id`, `vehicle_type`, `auth_id`) VALUES ('2024-02-29 00:14:10.490418', 4, '2024-07-07 09:12:41.786923', 6, '2024-06-17 02:55:11', 4, 'MOTORBIKE', 1);
INSERT INTO `accesses` (`created_date`, `created_user`, `last_updated_date`, `last_updated_user`, `action_date`, `plot_id`, `vehicle_type`, `auth_id`) VALUES ('2024-08-29 20:12:37.836642', 5, '2024-08-11 15:30:21.461788', 4, '2024-05-08 07:13:27', 7, 'PICKUP', 10);
INSERT INTO `accesses` (`created_date`, `created_user`, `last_updated_date`, `last_updated_user`, `action_date`, `plot_id`, `vehicle_type`, `auth_id`) VALUES ('2024-01-23 18:49:19.401628', 1, '2024-03-12 15:34:27.384934', 4, '2024-08-18 19:53:09', 1, 'CAR', 9);
INSERT INTO `accesses` (`created_date`, `created_user`, `last_updated_date`, `last_updated_user`, `action_date`, `plot_id`, `vehicle_type`, `auth_id`) VALUES ('2024-10-28 11:23:00.979652', 5, '2024-07-23 22:26:27.050111', 4, '2024-02-25 10:09:39', 5, 'FOOT', 9);
INSERT INTO `accesses` (`created_date`, `created_user`, `last_updated_date`, `last_updated_user`, `action_date`, `plot_id`, `vehicle_type`, `auth_id`) VALUES ('2024-04-04 16:46:55.497660', 4, '2024-07-03 22:24:25.605341', 4, '2024-05-19 09:55:43', 5, 'TRUCK', 1);
INSERT INTO `accesses` (`created_date`, `created_user`, `last_updated_date`, `last_updated_user`, `action_date`, `plot_id`, `vehicle_type`, `auth_id`) VALUES ('2024-03-18 00:15:27.719727', 1, '2024-07-24 03:57:48.112524', 4, '2024-03-16 07:42:26', 9, 'MOTORBIKE', 1);
INSERT INTO `accesses` (`created_date`, `created_user`, `last_updated_date`, `last_updated_user`, `action_date`, `plot_id`, `vehicle_type`, `auth_id`) VALUES ('2024-05-05 11:40:19.083486', 5, '2024-08-14 20:17:08.517970', 4, '2024-04-17 18:00:31', 4, 'FOOT', 10);
INSERT INTO `accesses` (`created_date`, `created_user`, `last_updated_date`, `last_updated_user`, `action_date`, `plot_id`, `vehicle_type`, `auth_id`) VALUES ('2024-05-27 01:16:19.242486', 4, '2024-09-03 22:50:27.685786', 5, '2024-06-13 15:25:18', 10, 'MOTORBIKE', 10);
INSERT INTO `accesses` (`created_date`, `created_user`, `last_updated_date`, `last_updated_user`, `action_date`, `plot_id`, `vehicle_type`, `auth_id`) VALUES ('2024-06-26 21:56:34.520426', 5, '2024-07-07 11:37:23.992550', 6, '2024-04-17 15:49:25', 4, 'CAR', 7);
INSERT INTO `accesses` (`created_date`, `created_user`, `last_updated_date`, `last_updated_user`, `action_date`, `plot_id`, `vehicle_type`, `auth_id`) VALUES ('2024-01-21 22:15:54.840665', 4, '2024-03-27 17:12:59.270775', 5, '2024-10-16 06:46:04', 3, 'MOTORBIKE', 7);
INSERT INTO `accesses` (`created_date`, `created_user`, `last_updated_date`, `last_updated_user`, `action_date`, `plot_id`, `vehicle_type`, `auth_id`) VALUES ('2024-09-20 07:24:37.394150', 1, '2024-04-07 18:30:20.762923', 3, '2024-09-05 08:24:19', 10, 'MOTORBIKE', 8);
INSERT INTO `accesses` (`created_date`, `created_user`, `last_updated_date`, `last_updated_user`, `action_date`, `plot_id`, `vehicle_type`, `auth_id`) VALUES ('2024-05-05 16:53:22.712624', 6, '2024-06-11 02:36:57.098999', 1, '2024-09-30 14:49:15', 2, 'FOOT', 3);
INSERT INTO `accesses` (`created_date`, `created_user`, `last_updated_date`, `last_updated_user`, `action_date`, `plot_id`, `vehicle_type`, `auth_id`) VALUES ('2024-06-19 11:25:25.254152', 2, '2024-04-26 13:25:44.362753', 5, '2024-08-18 12:14:19', 2, 'FOOT', 7);
INSERT INTO `accesses` (`created_date`, `created_user`, `last_updated_date`, `last_updated_user`, `action_date`, `plot_id`, `vehicle_type`, `auth_id`) VALUES ('2024-02-08 09:36:14.011128', 4, '2024-03-25 19:26:36.470972', 5, '2024-03-24 14:52:47', 2, 'MOTORBIKE', 8);
INSERT INTO `accesses` (`created_date`, `created_user`, `last_updated_date`, `last_updated_user`, `action_date`, `plot_id`, `vehicle_type`, `auth_id`) VALUES ('2024-01-08 14:06:29.219015', 2, '2024-03-28 05:15:53.739535', 4, '2024-04-07 13:39:32', 8, 'FOOT', 1);
INSERT INTO `accesses` (`created_date`, `created_user`, `last_updated_date`, `last_updated_user`, `action_date`, `plot_id`, `vehicle_type`, `auth_id`) VALUES ('2024-06-05 04:40:38.185574', 5, '2024-04-14 15:26:34.984203', 4, '2024-01-22 14:49:30', 10, 'FOOT', 5);
INSERT INTO `accesses` (`created_date`, `created_user`, `last_updated_date`, `last_updated_user`, `action_date`, `plot_id`, `vehicle_type`, `auth_id`) VALUES ('2024-06-07 19:59:04.307736', 6, '2024-06-25 14:20:04.448928', 1, '2024-09-08 17:52:41', 1, 'PICKUP', 10);
INSERT INTO `accesses` (`created_date`, `created_user`, `last_updated_date`, `last_updated_user`, `action_date`, `plot_id`, `vehicle_type`, `auth_id`) VALUES ('2024-03-10 17:00:59.890283', 6, '2024-08-05 14:11:41.231713', 5, '2024-06-30 07:04:04', 5, 'CAR', 9);
INSERT INTO `accesses` (`created_date`, `created_user`, `last_updated_date`, `last_updated_user`, `action_date`, `plot_id`, `vehicle_type`, `auth_id`) VALUES ('2024-06-29 06:39:12.792906', 3, '2024-01-26 16:08:27.766639', 2, '2024-07-26 03:21:40', 4, 'FOOT', 7);
INSERT INTO `accesses` (`created_date`, `created_user`, `last_updated_date`, `last_updated_user`, `action_date`, `plot_id`, `vehicle_type`, `auth_id`) VALUES ('2024-02-29 06:11:03.402727', 6, '2024-01-23 19:07:55.674121', 2, '2024-10-25 07:39:05', 6, 'PICKUP', 6);
INSERT INTO `accesses` (`created_date`, `created_user`, `last_updated_date`, `last_updated_user`, `action_date`, `plot_id`, `vehicle_type`, `auth_id`) VALUES ('2024-04-11 23:25:45.447305', 5, '2024-11-03 15:53:43.758098', 3, '2024-02-11 00:21:48', 5, 'TRUCK', 2);
INSERT INTO `accesses` (`created_date`, `created_user`, `last_updated_date`, `last_updated_user`, `action_date`, `plot_id`, `vehicle_type`, `auth_id`) VALUES ('2024-03-26 03:34:06.404869', 5, '2024-04-07 16:15:21.287112', 2, '2024-04-01 03:27:34', 5, 'PICKUP', 6);
INSERT INTO `accesses` (`created_date`, `created_user`, `last_updated_date`, `last_updated_user`, `action_date`, `plot_id`, `vehicle_type`, `auth_id`) VALUES ('2024-06-07 03:03:37.816309', 2, '2024-10-01 08:53:20.979933', 1, '2024-10-29 15:19:33', 4, 'CAR', 1);
INSERT INTO `accesses` (`created_date`, `created_user`, `last_updated_date`, `last_updated_user`, `action_date`, `plot_id`, `vehicle_type`, `auth_id`) VALUES ('2024-11-02 07:54:04.159239', 2, '2024-03-05 20:09:58.271523', 3, '2024-07-07 12:03:36', 9, 'PICKUP', 4);
INSERT INTO `accesses` (`created_date`, `created_user`, `last_updated_date`, `last_updated_user`, `action_date`, `plot_id`, `vehicle_type`, `auth_id`) VALUES ('2024-02-08 21:12:09.828468', 5, '2024-10-09 17:34:56.367033', 5, '2024-04-26 14:45:42', 7, 'CAR', 7);
INSERT INTO `accesses` (`created_date`, `created_user`, `last_updated_date`, `last_updated_user`, `action_date`, `plot_id`, `vehicle_type`, `auth_id`) VALUES ('2024-09-22 05:31:17.258189', 6, '2024-09-13 10:15:49.719464', 5, '2024-09-09 20:15:15', 3, 'FOOT', 1);
INSERT INTO `accesses` (`created_date`, `created_user`, `last_updated_date`, `last_updated_user`, `action_date`, `plot_id`, `vehicle_type`, `auth_id`) VALUES ('2024-09-23 15:17:12.144824', 3, '2024-03-16 22:08:53.966662', 3, '2024-03-02 21:32:30', 6, 'MOTORBIKE', 3);
INSERT INTO `accesses` (`created_date`, `created_user`, `last_updated_date`, `last_updated_user`, `action_date`, `plot_id`, `vehicle_type`, `auth_id`) VALUES ('2024-07-05 09:37:27.605507', 6, '2024-03-09 04:53:21.485102', 1, '2024-02-19 00:04:40', 1, 'CAR', 4);
INSERT INTO `accesses` (`created_date`, `created_user`, `last_updated_date`, `last_updated_user`, `action_date`, `plot_id`, `vehicle_type`, `auth_id`) VALUES ('2024-08-01 21:11:55.622281', 5, '2024-03-12 00:33:48.861030', 5, '2024-07-11 04:01:41', 2, 'TRUCK', 6);
INSERT INTO `accesses` (`created_date`, `created_user`, `last_updated_date`, `last_updated_user`, `action_date`, `plot_id`, `vehicle_type`, `auth_id`) VALUES ('2024-03-20 05:14:08.804420', 3, '2024-06-13 15:41:42.405546', 4, '2024-10-08 03:41:40', 8, 'PICKUP', 2);
INSERT INTO `accesses` (`created_date`, `created_user`, `last_updated_date`, `last_updated_user`, `action_date`, `plot_id`, `vehicle_type`, `auth_id`) VALUES ('2024-05-10 06:53:05.519461', 6, '2024-07-11 13:23:43.839676', 1, '2024-02-18 20:53:25', 5, 'CAR', 8);
INSERT INTO `accesses` (`created_date`, `created_user`, `last_updated_date`, `last_updated_user`, `action_date`, `plot_id`, `vehicle_type`, `auth_id`) VALUES ('2024-01-30 17:55:02.720653', 1, '2024-06-23 02:05:50.467828', 4, '2024-08-07 09:08:51', 3, 'CAR', 10);
INSERT INTO `accesses` (`created_date`, `created_user`, `last_updated_date`, `last_updated_user`, `action_date`, `plot_id`, `vehicle_type`, `auth_id`) VALUES ('2024-10-16 00:28:40.438694', 6, '2024-08-06 19:54:53.625798', 4, '2024-03-19 03:03:08', 2, 'CAR', 10);
INSERT INTO `accesses` (`created_date`, `created_user`, `last_updated_date`, `last_updated_user`, `action_date`, `plot_id`, `vehicle_type`, `auth_id`) VALUES ('2024-02-18 01:34:19.403486', 3, '2024-08-26 18:09:28.792851', 2, '2024-01-06 18:52:17', 2, 'CAR', 10);
INSERT INTO `accesses` (`created_date`, `created_user`, `last_updated_date`, `last_updated_user`, `action_date`, `plot_id`, `vehicle_type`, `auth_id`) VALUES ('2024-08-13 22:33:06.677679', 4, '2024-04-28 17:23:05.825139', 1, '2024-09-25 09:55:20', 5, 'FOOT', 9);
INSERT INTO `accesses` (`created_date`, `created_user`, `last_updated_date`, `last_updated_user`, `action_date`, `plot_id`, `vehicle_type`, `auth_id`) VALUES ('2024-10-03 01:50:41.366512', 1, '2024-08-28 08:26:21.285023', 2, '2024-06-30 16:10:43', 10, 'MOTORBIKE', 8);
INSERT INTO `accesses` (`created_date`, `created_user`, `last_updated_date`, `last_updated_user`, `action_date`, `plot_id`, `vehicle_type`, `auth_id`) VALUES ('2024-01-05 07:27:22.040225', 3, '2024-04-09 07:59:43.401591', 2, '2024-04-09 01:00:44', 7, 'MOTORBIKE', 4);
INSERT INTO `accesses` (`created_date`, `created_user`, `last_updated_date`, `last_updated_user`, `action_date`, `plot_id`, `vehicle_type`, `auth_id`) VALUES ('2024-10-10 16:52:03.369258', 6, '2024-06-02 12:10:42.396806', 3, '2024-01-17 12:57:19', 4, 'FOOT', 3);
INSERT INTO `accesses` (`created_date`, `created_user`, `last_updated_date`, `last_updated_user`, `action_date`, `plot_id`, `vehicle_type`, `auth_id`) VALUES ('2024-10-02 12:25:38.242766', 3, '2024-02-26 11:51:23.790722', 4, '2024-05-11 17:00:48', 9, 'MOTORBIKE', 10);
INSERT INTO `accesses` (`created_date`, `created_user`, `last_updated_date`, `last_updated_user`, `action_date`, `plot_id`, `vehicle_type`, `auth_id`) VALUES ('2024-09-25 13:34:03.410731', 3, '2024-03-18 20:40:48.983599', 4, '2024-10-16 16:04:33', 3, 'TRUCK', 9);
INSERT INTO `accesses` (`created_date`, `created_user`, `last_updated_date`, `last_updated_user`, `action_date`, `plot_id`, `vehicle_type`, `auth_id`) VALUES ('2024-09-03 05:40:40.330016', 3, '2024-09-17 21:25:58.453247', 5, '2024-03-14 17:02:36', 3, 'MOTORBIKE', 7);
INSERT INTO `accesses` (`created_date`, `created_user`, `last_updated_date`, `last_updated_user`, `action_date`, `plot_id`, `vehicle_type`, `auth_id`) VALUES ('2024-05-15 04:39:25.199013', 6, '2024-08-04 06:31:59.428960', 1, '2024-01-11 22:52:12', 6, 'FOOT', 8);
INSERT INTO `accesses` (`created_date`, `created_user`, `last_updated_date`, `last_updated_user`, `action_date`, `plot_id`, `vehicle_type`, `auth_id`) VALUES ('2024-01-20 16:41:34.171337', 1, '2024-04-11 08:39:25.166423', 1, '2024-03-05 12:17:01', 10, 'FOOT', 7);
INSERT INTO `accesses` (`created_date`, `created_user`, `last_updated_date`, `last_updated_user`, `action_date`, `plot_id`, `vehicle_type`, `auth_id`) VALUES ('2024-07-04 08:04:37.733024', 1, '2024-06-03 01:19:03.494867', 5, '2024-06-21 15:45:00', 3, 'TRUCK', 7);
INSERT INTO `accesses` (`created_date`, `created_user`, `last_updated_date`, `last_updated_user`, `action_date`, `plot_id`, `vehicle_type`, `auth_id`) VALUES ('2024-04-02 12:09:20.838062', 5, '2024-05-06 05:54:41.389623', 1, '2024-03-13 22:02:09', 10, 'FOOT', 7);
INSERT INTO `accesses` (`created_date`, `created_user`, `last_updated_date`, `last_updated_user`, `action_date`, `plot_id`, `vehicle_type`, `auth_id`) VALUES ('2024-09-28 10:33:58.783545', 1, '2024-01-13 14:23:20.514807', 6, '2024-01-10 10:28:47', 2, 'CAR', 1);
INSERT INTO `accesses` (`created_date`, `created_user`, `last_updated_date`, `last_updated_user`, `action_date`, `plot_id`, `vehicle_type`, `auth_id`) VALUES ('2024-08-04 00:36:04.653191', 4, '2024-01-06 20:32:11.219978', 3, '2024-01-14 12:39:35', 1, 'MOTORBIKE', 3);
INSERT INTO `accesses` (`created_date`, `created_user`, `last_updated_date`, `last_updated_user`, `action_date`, `plot_id`, `vehicle_type`, `auth_id`) VALUES ('2024-01-26 11:37:22.416190', 6, '2024-01-07 09:21:51.326631', 2, '2024-09-26 08:29:33', 5, 'PICKUP', 6);
INSERT INTO `accesses` (`created_date`, `created_user`, `last_updated_date`, `last_updated_user`, `action_date`, `plot_id`, `vehicle_type`, `auth_id`) VALUES ('2024-05-14 23:49:25.141266', 4, '2024-10-25 00:32:30.131115', 4, '2024-06-04 14:25:26', 7, 'FOOT', 1);
INSERT INTO `accesses` (`created_date`, `created_user`, `last_updated_date`, `last_updated_user`, `action_date`, `plot_id`, `vehicle_type`, `auth_id`) VALUES ('2024-07-31 17:57:16.203269', 3, '2024-06-27 17:11:30.788505', 5, '2024-06-14 22:16:20', 8, 'FOOT', 6);
INSERT INTO `accesses` (`created_date`, `created_user`, `last_updated_date`, `last_updated_user`, `action_date`, `plot_id`, `vehicle_type`, `auth_id`) VALUES ('2024-05-20 22:06:23.312120', 2, '2024-10-22 00:33:48.478821', 4, '2024-03-19 20:45:44', 5, 'FOOT', 10);
INSERT INTO `accesses` (`created_date`, `created_user`, `last_updated_date`, `last_updated_user`, `action_date`, `plot_id`, `vehicle_type`, `auth_id`) VALUES ('2024-08-21 00:12:14.025828', 6, '2024-09-18 20:56:14.016411', 1, '2024-10-04 04:02:32', 9, 'MOTORBIKE', 7);
INSERT INTO `accesses` (`created_date`, `created_user`, `last_updated_date`, `last_updated_user`, `action_date`, `plot_id`, `vehicle_type`, `auth_id`) VALUES ('2024-10-11 23:03:56.250654', 1, '2024-07-21 11:06:25.031230', 2, '2024-06-15 15:17:32', 7, 'TRUCK', 8);
INSERT INTO `accesses` (`created_date`, `created_user`, `last_updated_date`, `last_updated_user`, `action_date`, `plot_id`, `vehicle_type`, `auth_id`) VALUES ('2024-02-25 21:31:53.953804', 4, '2024-02-23 07:58:06.940354', 3, '2024-05-21 20:04:28', 1, 'PICKUP', 10);
INSERT INTO `accesses` (`created_date`, `created_user`, `last_updated_date`, `last_updated_user`, `action_date`, `plot_id`, `vehicle_type`, `auth_id`) VALUES ('2024-08-08 07:52:21.684112', 1, '2024-10-16 01:20:01.165772', 5, '2024-08-24 21:35:51', 9, 'MOTORBIKE', 3);
INSERT INTO `accesses` (`created_date`, `created_user`, `last_updated_date`, `last_updated_user`, `action_date`, `plot_id`, `vehicle_type`, `auth_id`) VALUES ('2024-07-04 11:12:45.323700', 4, '2024-01-23 15:33:57.846883', 4, '2024-08-25 01:42:53', 6, 'TRUCK', 5);
INSERT INTO `accesses` (`created_date`, `created_user`, `last_updated_date`, `last_updated_user`, `action_date`, `plot_id`, `vehicle_type`, `auth_id`) VALUES ('2024-01-01 17:54:35.030746', 5, '2024-04-13 04:45:44.833546', 4, '2024-08-03 06:56:28', 7, 'PICKUP', 1);
INSERT INTO `accesses` (`created_date`, `created_user`, `last_updated_date`, `last_updated_user`, `action_date`, `plot_id`, `vehicle_type`, `auth_id`) VALUES ('2024-09-15 05:43:52.616817', 5, '2024-05-25 15:08:42.523363', 3, '2024-08-13 16:48:57', 4, 'PICKUP', 7);
INSERT INTO `accesses` (`created_date`, `created_user`, `last_updated_date`, `last_updated_user`, `action_date`, `plot_id`, `vehicle_type`, `auth_id`) VALUES ('2024-07-23 13:41:44.021929', 1, '2024-08-22 01:18:48.498421', 2, '2024-07-06 16:39:11', 9, 'CAR', 5);
INSERT INTO `accesses` (`created_date`, `created_user`, `last_updated_date`, `last_updated_user`, `action_date`, `plot_id`, `vehicle_type`, `auth_id`) VALUES ('2024-08-07 21:03:29.017680', 6, '2024-06-09 08:04:29.584447', 2, '2024-02-17 06:12:29', 6, 'TRUCK', 10);
INSERT INTO `accesses` (`created_date`, `created_user`, `last_updated_date`, `last_updated_user`, `action_date`, `plot_id`, `vehicle_type`, `auth_id`) VALUES ('2024-01-23 19:24:49.575348', 5, '2024-03-05 19:02:31.050608', 4, '2024-08-25 05:51:08', 3, 'PICKUP', 4);
INSERT INTO `accesses` (`created_date`, `created_user`, `last_updated_date`, `last_updated_user`, `action_date`, `plot_id`, `vehicle_type`, `auth_id`) VALUES ('2024-01-12 15:51:52.874165', 6, '2024-02-12 04:42:36.119248', 1, '2024-03-16 21:49:37', 9, 'MOTORBIKE', 8);
INSERT INTO `accesses` (`created_date`, `created_user`, `last_updated_date`, `last_updated_user`, `action_date`, `plot_id`, `vehicle_type`, `auth_id`) VALUES ('2024-04-11 18:44:05.249309', 5, '2024-09-30 20:47:15.868081', 1, '2024-03-24 20:28:47', 10, 'PICKUP', 4);
INSERT INTO `accesses` (`created_date`, `created_user`, `last_updated_date`, `last_updated_user`, `action_date`, `plot_id`, `vehicle_type`, `auth_id`) VALUES ('2024-01-30 18:21:43.452257', 3, '2024-05-11 08:39:52.352053', 1, '2024-05-08 03:43:02', 10, 'PICKUP', 5);
INSERT INTO `accesses` (`created_date`, `created_user`, `last_updated_date`, `last_updated_user`, `action_date`, `plot_id`, `vehicle_type`, `auth_id`) VALUES ('2024-04-05 17:47:47.086445', 4, '2024-04-03 04:18:49.132911', 4, '2024-04-19 02:06:56', 4, 'PICKUP', 4);
INSERT INTO `accesses` (`created_date`, `created_user`, `last_updated_date`, `last_updated_user`, `action_date`, `plot_id`, `vehicle_type`, `auth_id`) VALUES ('2024-02-03 04:22:25.991188', 6, '2024-06-13 01:29:16.165333', 3, '2024-04-06 18:17:21', 3, 'MOTORBIKE', 5);
INSERT INTO `accesses` (`created_date`, `created_user`, `last_updated_date`, `last_updated_user`, `action_date`, `plot_id`, `vehicle_type`, `auth_id`) VALUES ('2024-10-17 02:47:31.906605', 4, '2024-09-04 23:22:17.770508', 1, '2024-05-28 17:28:04', 4, 'MOTORBIKE', 8);
INSERT INTO `accesses` (`created_date`, `created_user`, `last_updated_date`, `last_updated_user`, `action_date`, `plot_id`, `vehicle_type`, `auth_id`) VALUES ('2024-01-09 10:33:33.267253', 4, '2024-08-12 12:11:51.832678', 3, '2024-03-15 07:35:34', 8, 'CAR', 8);
INSERT INTO `accesses` (`created_date`, `created_user`, `last_updated_date`, `last_updated_user`, `action_date`, `plot_id`, `vehicle_type`, `auth_id`) VALUES ('2024-04-08 09:03:44.343077', 3, '2024-08-07 20:18:25.237850', 1, '2024-07-23 05:26:45', 8, 'MOTORBIKE', 4);
INSERT INTO `accesses` (`created_date`, `created_user`, `last_updated_date`, `last_updated_user`, `action_date`, `plot_id`, `vehicle_type`, `auth_id`) VALUES ('2024-03-15 14:14:21.067794', 3, '2024-08-24 16:55:19.398999', 2, '2024-03-01 23:35:35', 2, 'CAR', 10);
INSERT INTO `accesses` (`created_date`, `created_user`, `last_updated_date`, `last_updated_user`, `action_date`, `plot_id`, `vehicle_type`, `auth_id`) VALUES ('2024-07-23 23:14:57.332693', 3, '2024-07-09 19:48:09.686672', 4, '2024-09-15 09:19:32', 4, 'CAR', 2);
INSERT INTO `accesses` (`created_date`, `created_user`, `last_updated_date`, `last_updated_user`, `action_date`, `plot_id`, `vehicle_type`, `auth_id`) VALUES ('2024-07-14 01:24:07.620969', 3, '2024-03-13 07:52:10.506513', 6, '2024-05-02 06:01:08', 7, 'MOTORBIKE', 5);
INSERT INTO `accesses` (`created_date`, `created_user`, `last_updated_date`, `last_updated_user`, `action_date`, `plot_id`, `vehicle_type`, `auth_id`) VALUES ('2024-10-24 04:24:28.204431', 5, '2024-08-07 23:44:18.467283', 4, '2024-04-28 20:20:08', 5, 'MOTORBIKE', 4);
INSERT INTO `accesses` (`created_date`, `created_user`, `last_updated_date`, `last_updated_user`, `action_date`, `plot_id`, `vehicle_type`, `auth_id`) VALUES ('2024-01-01 13:29:08.717990', 1, '2024-08-18 04:24:05.770317', 4, '2024-02-13 00:56:17', 4, 'FOOT', 4);
INSERT INTO `accesses` (`created_date`, `created_user`, `last_updated_date`, `last_updated_user`, `action_date`, `plot_id`, `vehicle_type`, `auth_id`) VALUES ('2024-01-15 15:10:41.920911', 1, '2024-07-17 04:00:34.024127', 1, '2024-04-07 17:58:40', 10, 'FOOT', 8);
INSERT INTO `accesses` (`created_date`, `created_user`, `last_updated_date`, `last_updated_user`, `action_date`, `plot_id`, `vehicle_type`, `auth_id`) VALUES ('2024-01-25 08:01:41.731121', 3, '2024-01-15 02:55:12.479652', 2, '2024-03-24 07:05:58', 3, 'TRUCK', 2);
INSERT INTO `accesses` (`created_date`, `created_user`, `last_updated_date`, `last_updated_user`, `action_date`, `plot_id`, `vehicle_type`, `auth_id`) VALUES ('2024-03-02 16:29:01.148609', 1, '2024-08-19 09:00:47.986540', 4, '2024-01-20 18:28:16', 5, 'PICKUP', 9);
INSERT INTO `accesses` (`created_date`, `created_user`, `last_updated_date`, `last_updated_user`, `action_date`, `plot_id`, `vehicle_type`, `auth_id`) VALUES ('2024-09-13 10:18:45.207609', 5, '2024-09-24 07:21:02.550258', 2, '2024-08-28 22:27:39', 2, 'PICKUP', 2);
INSERT INTO `accesses` (`created_date`, `created_user`, `last_updated_date`, `last_updated_user`, `action_date`, `plot_id`, `vehicle_type`, `auth_id`) VALUES ('2024-03-12 04:42:27.922668', 6, '2024-04-15 16:29:30.895230', 3, '2024-09-02 07:32:31', 7, 'MOTORBIKE', 6);
INSERT INTO `accesses` (`created_date`, `created_user`, `last_updated_date`, `last_updated_user`, `action_date`, `plot_id`, `vehicle_type`, `auth_id`) VALUES ('2024-07-26 20:47:44.195872', 2, '2024-04-16 09:59:07.186890', 2, '2024-05-30 09:41:01', 10, 'MOTORBIKE', 9);
INSERT INTO `accesses` (`created_date`, `created_user`, `last_updated_date`, `last_updated_user`, `action_date`, `plot_id`, `vehicle_type`, `auth_id`) VALUES ('2024-04-28 21:17:47.735264', 1, '2024-10-10 20:03:25.406448', 3, '2024-07-19 10:04:11', 9, 'MOTORBIKE', 4);
INSERT INTO `accesses` (`created_date`, `created_user`, `last_updated_date`, `last_updated_user`, `action_date`, `plot_id`, `vehicle_type`, `auth_id`) VALUES ('2024-02-29 01:19:27.667630', 4, '2024-03-25 15:35:36.518633', 2, '2024-07-09 12:26:09', 3, 'PICKUP', 4);
INSERT INTO `accesses` (`created_date`, `created_user`, `last_updated_date`, `last_updated_user`, `action_date`, `plot_id`, `vehicle_type`, `auth_id`) VALUES ('2024-02-20 13:26:34.132794', 6, '2024-01-29 23:21:31.327306', 5, '2024-02-22 15:32:21', 4, 'MOTORBIKE', 5);
INSERT INTO `accesses` (`created_date`, `created_user`, `last_updated_date`, `last_updated_user`, `action_date`, `plot_id`, `vehicle_type`, `auth_id`) VALUES ('2024-02-26 08:37:14.823776', 2, '2024-05-16 21:31:10.779782', 2, '2024-05-22 03:28:26', 4, 'CAR', 2);
INSERT INTO `accesses` (`created_date`, `created_user`, `last_updated_date`, `last_updated_user`, `action_date`, `plot_id`, `vehicle_type`, `auth_id`) VALUES ('2024-03-18 19:59:55.457517', 2, '2024-05-09 08:14:48.168141', 3, '2024-01-28 01:09:13', 3, 'MOTORBIKE', 2);
INSERT INTO `accesses` (`created_date`, `created_user`, `last_updated_date`, `last_updated_user`, `action_date`, `plot_id`, `vehicle_type`, `auth_id`) VALUES ('2024-02-12 10:00:05.781141', 3, '2024-10-24 01:31:52.440793', 1, '2024-06-04 14:19:12', 6, 'CAR', 6);
INSERT INTO `accesses` (`created_date`, `created_user`, `last_updated_date`, `last_updated_user`, `action_date`, `plot_id`, `vehicle_type`, `auth_id`) VALUES ('2024-02-09 11:08:11.552099', 4, '2024-04-07 02:59:40.785443', 3, '2024-01-22 20:44:26', 1, 'TRUCK', 7);
INSERT INTO `accesses` (`created_date`, `created_user`, `last_updated_date`, `last_updated_user`, `action_date`, `plot_id`, `vehicle_type`, `auth_id`) VALUES ('2024-08-09 23:12:18.652699', 2, '2024-10-30 01:19:57.902878', 3, '2024-08-07 01:57:59', 1, 'FOOT', 8);
INSERT INTO `accesses` (`created_date`, `created_user`, `last_updated_date`, `last_updated_user`, `action_date`, `plot_id`, `vehicle_type`, `auth_id`) VALUES ('2024-04-13 13:06:58.239129', 3, '2024-07-03 08:12:20.099710', 1, '2024-08-25 02:28:33', 10, 'FOOT', 7);
INSERT INTO `accesses` (`created_date`, `created_user`, `last_updated_date`, `last_updated_user`, `action_date`, `plot_id`, `vehicle_type`, `auth_id`) VALUES ('2024-10-07 08:52:12.612257', 6, '2024-04-21 08:37:10.564956', 5, '2024-03-15 14:42:21', 5, 'FOOT', 2);
INSERT INTO `accesses` (`created_date`, `created_user`, `last_updated_date`, `last_updated_user`, `action_date`, `plot_id`, `vehicle_type`, `auth_id`) VALUES ('2024-09-04 05:44:31.953274', 4, '2024-03-14 12:22:35.117620', 4, '2024-01-10 18:51:30', 9, 'TRUCK', 7);
INSERT INTO `accesses` (`created_date`, `created_user`, `last_updated_date`, `last_updated_user`, `action_date`, `plot_id`, `vehicle_type`, `auth_id`) VALUES ('2024-03-29 22:24:59.597881', 2, '2024-08-23 11:48:25.879318', 2, '2024-08-25 14:07:34', 7, 'TRUCK', 4);
INSERT INTO `accesses` (`created_date`, `created_user`, `last_updated_date`, `last_updated_user`, `action_date`, `plot_id`, `vehicle_type`, `auth_id`) VALUES ('2024-09-28 00:49:41.641115', 2, '2024-01-13 05:28:22.174591', 4, '2024-03-27 01:21:35', 1, 'TRUCK', 7);
INSERT INTO `accesses` (`created_date`, `created_user`, `last_updated_date`, `last_updated_user`, `action_date`, `plot_id`, `vehicle_type`, `auth_id`) VALUES ('2024-05-15 13:32:55.625079', 1, '2024-09-01 08:15:27.231746', 1, '2024-05-11 20:33:24', 4, 'FOOT', 1);
INSERT INTO `accesses` (`created_date`, `created_user`, `last_updated_date`, `last_updated_user`, `action_date`, `plot_id`, `vehicle_type`, `auth_id`) VALUES ('2024-02-05 23:41:19.997389', 4, '2024-10-25 08:35:44.996729', 3, '2024-10-03 16:58:24', 10, 'TRUCK', 5);
INSERT INTO `accesses` (`created_date`, `created_user`, `last_updated_date`, `last_updated_user`, `action_date`, `plot_id`, `vehicle_type`, `auth_id`) VALUES ('2024-07-28 08:52:53.824753', 3, '2024-04-17 06:31:23.655636', 3, '2024-08-16 08:39:17', 10, 'CAR', 5);
INSERT INTO `accesses` (`created_date`, `created_user`, `last_updated_date`, `last_updated_user`, `action_date`, `plot_id`, `vehicle_type`, `auth_id`) VALUES ('2024-11-02 14:00:21.156825', 5, '2024-02-09 11:22:01.921166', 6, '2024-01-16 10:01:40', 3, 'TRUCK', 8);
INSERT INTO `accesses` (`created_date`, `created_user`, `last_updated_date`, `last_updated_user`, `action_date`, `plot_id`, `vehicle_type`, `auth_id`) VALUES ('2024-05-29 11:11:18.958271', 5, '2024-01-10 03:03:30.798065', 6, '2024-03-28 14:07:07', 8, 'TRUCK', 10);
INSERT INTO `accesses` (`created_date`, `created_user`, `last_updated_date`, `last_updated_user`, `action_date`, `plot_id`, `vehicle_type`, `auth_id`) VALUES ('2024-01-18 01:27:51.932014', 1, '2024-03-25 16:59:17.788030', 1, '2024-08-10 13:35:20', 2, 'TRUCK', 7);
INSERT INTO `accesses` (`created_date`, `created_user`, `last_updated_date`, `last_updated_user`, `action_date`, `plot_id`, `vehicle_type`, `auth_id`) VALUES ('2024-08-30 17:29:29.524229', 2, '2024-02-28 12:12:04.717749', 5, '2024-01-27 13:50:56', 5, 'TRUCK', 6);
INSERT INTO `accesses` (`created_date`, `created_user`, `last_updated_date`, `last_updated_user`, `action_date`, `plot_id`, `vehicle_type`, `auth_id`) VALUES ('2024-03-25 19:19:37.228004', 3, '2024-05-01 09:33:31.032638', 3, '2024-03-29 08:18:19', 4, 'PICKUP', 3);
INSERT INTO `accesses` (`created_date`, `created_user`, `last_updated_date`, `last_updated_user`, `action_date`, `plot_id`, `vehicle_type`, `auth_id`) VALUES ('2024-05-01 10:35:37.009760', 6, '2024-07-12 19:31:04.494473', 2, '2024-01-30 20:00:53', 7, 'PICKUP', 8);
INSERT INTO `accesses` (`created_date`, `created_user`, `last_updated_date`, `last_updated_user`, `action_date`, `plot_id`, `vehicle_type`, `auth_id`) VALUES ('2024-06-30 12:07:18.687549', 5, '2024-04-20 02:01:29.149297', 4, '2024-10-05 05:34:11', 1, 'PICKUP', 4);
INSERT INTO `accesses` (`created_date`, `created_user`, `last_updated_date`, `last_updated_user`, `action_date`, `plot_id`, `vehicle_type`, `auth_id`) VALUES ('2024-03-03 07:43:10.396088', 6, '2024-04-22 16:50:37.867002', 3, '2024-09-17 21:42:19', 8, 'FOOT', 6);
INSERT INTO `accesses` (`created_date`, `created_user`, `last_updated_date`, `last_updated_user`, `action_date`, `plot_id`, `vehicle_type`, `auth_id`) VALUES ('2024-10-06 13:36:01.654196', 2, '2024-01-03 20:28:54.976137', 3, '2024-10-04 21:54:11', 2, 'CAR', 3);
INSERT INTO `accesses` (`created_date`, `created_user`, `last_updated_date`, `last_updated_user`, `action_date`, `plot_id`, `vehicle_type`, `auth_id`) VALUES ('2024-08-22 01:32:04.221119', 4, '2024-03-17 18:54:42.571033', 4, '2024-09-14 18:09:27', 9, 'FOOT', 6);
INSERT INTO `accesses` (`created_date`, `created_user`, `last_updated_date`, `last_updated_user`, `action_date`, `plot_id`, `vehicle_type`, `auth_id`) VALUES ('2024-05-06 17:01:34.576784', 5, '2024-06-19 17:28:53.028233', 1, '2024-10-22 16:18:25', 2, 'MOTORBIKE', 3);
INSERT INTO `accesses` (`created_date`, `created_user`, `last_updated_date`, `last_updated_user`, `action_date`, `plot_id`, `vehicle_type`, `auth_id`) VALUES ('2024-08-03 23:27:11.590630', 3, '2024-03-22 03:55:56.273995', 2, '2024-04-28 12:42:33', 2, 'TRUCK', 2);
INSERT INTO `accesses` (`created_date`, `created_user`, `last_updated_date`, `last_updated_user`, `action_date`, `plot_id`, `vehicle_type`, `auth_id`) VALUES ('2024-08-29 12:10:36.183547', 4, '2024-09-25 11:53:04.140592', 4, '2024-04-10 10:47:38', 6, 'CAR', 4);
INSERT INTO `accesses` (`created_date`, `created_user`, `last_updated_date`, `last_updated_user`, `action_date`, `plot_id`, `vehicle_type`, `auth_id`) VALUES ('2024-07-09 00:52:36.029872', 3, '2024-10-31 19:32:38.730863', 1, '2024-01-15 02:26:03', 8, 'FOOT', 3);
INSERT INTO `accesses` (`created_date`, `created_user`, `last_updated_date`, `last_updated_user`, `action_date`, `plot_id`, `vehicle_type`, `auth_id`) VALUES ('2024-08-29 05:05:52.689589', 1, '2024-02-04 20:47:07.858627', 4, '2024-03-31 11:29:32', 6, 'MOTORBIKE', 7);
INSERT INTO `accesses` (`created_date`, `created_user`, `last_updated_date`, `last_updated_user`, `action_date`, `plot_id`, `vehicle_type`, `auth_id`) VALUES ('2024-08-03 21:52:55.920174', 3, '2024-02-15 01:37:10.762983', 1, '2024-03-08 14:22:50', 10, 'FOOT', 3);
INSERT INTO `accesses` (`created_date`, `created_user`, `last_updated_date`, `last_updated_user`, `action_date`, `plot_id`, `vehicle_type`, `auth_id`) VALUES ('2024-09-07 02:52:02.717084', 3, '2024-07-12 03:09:32.006089', 6, '2024-03-26 10:15:34', 9, 'TRUCK', 10);
INSERT INTO `accesses` (`created_date`, `created_user`, `last_updated_date`, `last_updated_user`, `action_date`, `plot_id`, `vehicle_type`, `auth_id`) VALUES ('2024-05-14 11:39:33.830984', 3, '2024-04-23 05:16:35.996863', 5, '2024-09-05 21:39:19', 9, 'TRUCK', 3);
INSERT INTO `accesses` (`created_date`, `created_user`, `last_updated_date`, `last_updated_user`, `action_date`, `plot_id`, `vehicle_type`, `auth_id`) VALUES ('2024-09-14 18:38:28.262727', 3, '2024-07-06 03:02:34.399727', 3, '2024-09-27 21:22:59', 4, 'PICKUP', 5);
INSERT INTO `accesses` (`created_date`, `created_user`, `last_updated_date`, `last_updated_user`, `action_date`, `plot_id`, `vehicle_type`, `auth_id`) VALUES ('2024-05-02 00:03:18.488317', 3, '2024-06-14 01:08:58.444333', 5, '2024-08-26 02:14:22', 3, 'CAR', 3);
INSERT INTO `accesses` (`created_date`, `created_user`, `last_updated_date`, `last_updated_user`, `action_date`, `plot_id`, `vehicle_type`, `auth_id`) VALUES ('2024-01-21 01:03:26.111314', 1, '2024-03-25 17:25:27.937002', 1, '2024-08-07 05:46:31', 8, 'CAR', 10);
INSERT INTO `accesses` (`created_date`, `created_user`, `last_updated_date`, `last_updated_user`, `action_date`, `plot_id`, `vehicle_type`, `auth_id`) VALUES ('2024-07-19 03:18:23.915247', 2, '2024-09-15 18:35:30.762189', 1, '2024-04-25 05:24:26', 10, 'PICKUP', 8);
INSERT INTO `accesses` (`created_date`, `created_user`, `last_updated_date`, `last_updated_user`, `action_date`, `plot_id`, `vehicle_type`, `auth_id`) VALUES ('2024-05-29 06:57:06.933260', 6, '2024-01-11 14:58:24.301511', 4, '2024-10-09 20:50:12', 2, 'CAR', 8);
INSERT INTO `accesses` (`created_date`, `created_user`, `last_updated_date`, `last_updated_user`, `action_date`, `plot_id`, `vehicle_type`, `auth_id`) VALUES ('2024-03-16 00:42:31.887845', 4, '2024-05-24 06:28:29.860822', 4, '2024-04-11 13:42:34', 2, 'MOTORBIKE', 6);
INSERT INTO `accesses` (`created_date`, `created_user`, `last_updated_date`, `last_updated_user`, `action_date`, `plot_id`, `vehicle_type`, `auth_id`) VALUES ('2024-04-27 02:09:45.891413', 4, '2024-04-16 12:12:26.431955', 3, '2024-07-09 18:58:20', 1, 'MOTORBIKE', 9);
INSERT INTO `accesses` (`created_date`, `created_user`, `last_updated_date`, `last_updated_user`, `action_date`, `plot_id`, `vehicle_type`, `auth_id`) VALUES ('2024-07-04 23:41:23.263202', 4, '2024-03-10 06:01:23.882917', 5, '2024-09-19 09:23:48', 5, 'TRUCK', 2);
INSERT INTO `accesses` (`created_date`, `created_user`, `last_updated_date`, `last_updated_user`, `action_date`, `plot_id`, `vehicle_type`, `auth_id`) VALUES ('2024-06-14 10:40:03.908112', 5, '2024-07-23 16:21:33.853350', 1, '2024-07-28 03:49:02', 1, 'TRUCK', 5);
INSERT INTO `accesses` (`created_date`, `created_user`, `last_updated_date`, `last_updated_user`, `action_date`, `plot_id`, `vehicle_type`, `auth_id`) VALUES ('2024-07-08 15:16:15.863052', 2, '2024-03-30 06:26:22.737202', 4, '2024-01-17 09:22:38', 4, 'TRUCK', 3);
INSERT INTO `accesses` (`created_date`, `created_user`, `last_updated_date`, `last_updated_user`, `action_date`, `plot_id`, `vehicle_type`, `auth_id`) VALUES ('2024-03-09 08:06:30.620065', 6, '2024-01-21 02:47:54.603705', 3, '2024-05-22 13:26:26', 4, 'FOOT', 8);
INSERT INTO `accesses` (`created_date`, `created_user`, `last_updated_date`, `last_updated_user`, `action_date`, `plot_id`, `vehicle_type`, `auth_id`) VALUES ('2024-05-19 16:52:57.442565', 4, '2024-07-06 01:06:36.451597', 5, '2024-03-17 16:01:11', 3, 'TRUCK', 9);
INSERT INTO `accesses` (`created_date`, `created_user`, `last_updated_date`, `last_updated_user`, `action_date`, `plot_id`, `vehicle_type`, `auth_id`) VALUES ('2024-04-21 02:00:00.088907', 3, '2024-07-14 19:54:36.513695', 1, '2024-10-12 02:18:50', 10, 'MOTORBIKE', 2);
INSERT INTO `accesses` (`created_date`, `created_user`, `last_updated_date`, `last_updated_user`, `action_date`, `plot_id`, `vehicle_type`, `auth_id`) VALUES ('2024-03-30 00:16:07.161226', 1, '2024-04-08 12:39:04.860447', 4, '2024-08-24 06:07:02', 5, 'CAR', 1);
INSERT INTO `accesses` (`created_date`, `created_user`, `last_updated_date`, `last_updated_user`, `action_date`, `plot_id`, `vehicle_type`, `auth_id`) VALUES ('2024-07-05 20:10:26.767780', 3, '2024-01-23 08:02:41.447552', 5, '2024-03-27 03:50:24', 7, 'MOTORBIKE', 9);
INSERT INTO `accesses` (`created_date`, `created_user`, `last_updated_date`, `last_updated_user`, `action_date`, `plot_id`, `vehicle_type`, `auth_id`) VALUES ('2024-08-13 13:25:31.978366', 4, '2024-07-29 18:31:10.936692', 5, '2024-06-03 14:48:10', 5, 'PICKUP', 3);
INSERT INTO `accesses` (`created_date`, `created_user`, `last_updated_date`, `last_updated_user`, `action_date`, `plot_id`, `vehicle_type`, `auth_id`) VALUES ('2024-09-03 23:52:59.703438', 2, '2024-03-25 16:41:10.866909', 1, '2024-04-13 04:57:21', 9, 'TRUCK', 9);
INSERT INTO `accesses` (`created_date`, `created_user`, `last_updated_date`, `last_updated_user`, `action_date`, `plot_id`, `vehicle_type`, `auth_id`) VALUES ('2024-05-03 19:49:33.495124', 3, '2024-01-18 10:59:16.817290', 5, '2024-10-15 07:57:23', 1, 'MOTORBIKE', 3);
INSERT INTO `accesses` (`created_date`, `created_user`, `last_updated_date`, `last_updated_user`, `action_date`, `plot_id`, `vehicle_type`, `auth_id`) VALUES ('2024-04-01 15:37:24.352019', 3, '2024-03-10 08:13:57.408923', 5, '2024-08-14 04:37:07', 8, 'TRUCK', 5);
INSERT INTO `accesses` (`created_date`, `created_user`, `last_updated_date`, `last_updated_user`, `action_date`, `plot_id`, `vehicle_type`, `auth_id`) VALUES ('2024-02-17 17:34:45.508029', 1, '2024-10-25 02:44:01.308927', 2, '2024-07-06 01:32:49', 2, 'MOTORBIKE', 6);
INSERT INTO `accesses` (`created_date`, `created_user`, `last_updated_date`, `last_updated_user`, `action_date`, `plot_id`, `vehicle_type`, `auth_id`) VALUES ('2024-10-05 05:07:02.763984', 2, '2024-09-26 20:02:02.486560', 6, '2024-06-26 22:28:04', 4, 'TRUCK', 3);
INSERT INTO `accesses` (`created_date`, `created_user`, `last_updated_date`, `last_updated_user`, `action_date`, `plot_id`, `vehicle_type`, `auth_id`) VALUES ('2024-10-13 01:56:48.717258', 4, '2024-08-12 14:05:35.529568', 3, '2024-07-07 20:10:33', 7, 'CAR', 3);
INSERT INTO `accesses` (`created_date`, `created_user`, `last_updated_date`, `last_updated_user`, `action_date`, `plot_id`, `vehicle_type`, `auth_id`) VALUES ('2024-04-02 09:57:04.282496', 3, '2024-01-10 10:46:17.818250', 4, '2024-07-07 01:29:24', 3, 'TRUCK', 10);
INSERT INTO `accesses` (`created_date`, `created_user`, `last_updated_date`, `last_updated_user`, `action_date`, `plot_id`, `vehicle_type`, `auth_id`) VALUES ('2024-01-18 04:49:47.445899', 4, '2024-10-18 11:38:42.903261', 4, '2024-04-08 01:35:10', 10, 'FOOT', 5);
INSERT INTO `accesses` (`created_date`, `created_user`, `last_updated_date`, `last_updated_user`, `action_date`, `plot_id`, `vehicle_type`, `auth_id`) VALUES ('2024-05-22 05:55:33.628872', 1, '2024-02-03 15:41:05.675203', 5, '2024-07-15 21:47:54', 2, 'TRUCK', 3);
INSERT INTO `accesses` (`created_date`, `created_user`, `last_updated_date`, `last_updated_user`, `action_date`, `plot_id`, `vehicle_type`, `auth_id`) VALUES ('2024-04-21 18:59:05.956887', 6, '2024-05-28 05:17:21.256608', 2, '2024-02-08 20:04:45', 2, 'MOTORBIKE', 7);
INSERT INTO `accesses` (`created_date`, `created_user`, `last_updated_date`, `last_updated_user`, `action_date`, `plot_id`, `vehicle_type`, `auth_id`) VALUES ('2024-07-01 00:04:21.581866', 6, '2024-10-27 06:42:31.035972', 4, '2024-05-29 11:15:48', 6, 'MOTORBIKE', 6);
INSERT INTO `accesses` (`created_date`, `created_user`, `last_updated_date`, `last_updated_user`, `action_date`, `plot_id`, `vehicle_type`, `auth_id`) VALUES ('2024-04-21 03:50:40.069348', 1, '2024-01-02 17:14:05.281576', 2, '2024-03-08 10:46:33', 3, 'MOTORBIKE', 5);
INSERT INTO `accesses` (`created_date`, `created_user`, `last_updated_date`, `last_updated_user`, `action_date`, `plot_id`, `vehicle_type`, `auth_id`) VALUES ('2024-04-18 09:14:06.307259', 2, '2024-04-02 13:24:46.258959', 3, '2024-10-17 05:10:45', 7, 'CAR', 3);
INSERT INTO `accesses` (`created_date`, `created_user`, `last_updated_date`, `last_updated_user`, `action_date`, `plot_id`, `vehicle_type`, `auth_id`) VALUES ('2024-06-14 11:50:32.028585', 1, '2024-01-06 17:50:35.363708', 6, '2024-07-05 15:01:22', 1, 'MOTORBIKE', 2);
INSERT INTO `accesses` (`created_date`, `created_user`, `last_updated_date`, `last_updated_user`, `action_date`, `plot_id`, `vehicle_type`, `auth_id`) VALUES ('2024-10-18 05:42:39.089938', 1, '2024-09-09 13:55:48.690655', 6, '2024-03-19 11:36:56', 4, 'PICKUP', 6);
INSERT INTO `accesses` (`created_date`, `created_user`, `last_updated_date`, `last_updated_user`, `action_date`, `plot_id`, `vehicle_type`, `auth_id`) VALUES ('2024-01-14 10:51:27.164616', 2, '2024-08-26 21:45:43.205197', 3, '2024-01-28 05:41:57', 8, 'TRUCK', 8);
INSERT INTO `accesses` (`created_date`, `created_user`, `last_updated_date`, `last_updated_user`, `action_date`, `plot_id`, `vehicle_type`, `auth_id`) VALUES ('2024-08-05 21:20:54.323664', 1, '2024-05-07 19:51:04.083921', 6, '2024-10-27 13:34:48', 6, 'TRUCK', 5);
INSERT INTO `accesses` (`created_date`, `created_user`, `last_updated_date`, `last_updated_user`, `action_date`, `plot_id`, `vehicle_type`, `auth_id`) VALUES ('2024-09-14 12:48:38.393255', 2, '2024-02-21 16:06:23.772713', 3, '2024-07-07 04:42:40', 8, 'TRUCK', 8);
INSERT INTO `accesses` (`created_date`, `created_user`, `last_updated_date`, `last_updated_user`, `action_date`, `plot_id`, `vehicle_type`, `auth_id`) VALUES ('2024-03-16 08:43:04.079642', 3, '2024-02-24 09:06:26.046583', 6, '2024-04-05 22:27:10', 5, 'CAR', 8);
INSERT INTO `accesses` (`created_date`, `created_user`, `last_updated_date`, `last_updated_user`, `action_date`, `plot_id`, `vehicle_type`, `auth_id`) VALUES ('2024-04-22 09:36:38.121033', 3, '2024-09-20 14:10:59.529303', 5, '2024-10-25 10:10:23', 8, 'MOTORBIKE', 6);