SET NAMES utf8mb4;

CREATE DATABASE accesses;

USE accesses;
CREATE DATABASE IF NOT EXISTS accesses;
GRANT ALL PRIVILEGES ON accesses.* TO 'utn'@'%';
FLUSH PRIVILEGES;
-- Tabla de Visitors
CREATE TABLE visitors (
    id BIGINT AUTO_INCREMENT PRIMARY KEY,
    name VARCHAR(50) NOT NULL,
    lastname VARCHAR(50) NOT NULL,
    doc_type ENUM('DNI', 'PASSPORT', 'CUIL', 'CUIT') NOT NULL,
    doc_number BIGINT NOT NULL,
    birth_date DATE,
    is_active BOOLEAN NOT NULL,
    created_at TIMESTAMP DEFAULT CURRENT_TIMESTAMP,
    updated_at TIMESTAMP DEFAULT CURRENT_TIMESTAMP ON UPDATE CURRENT_TIMESTAMP
) CHARACTER SET utf8mb4 COLLATE utf8mb4_unicode_ci;

-- Tabla de Auths
CREATE TABLE auths (
    id BIGINT AUTO_INCREMENT PRIMARY KEY,
    visitor_id BIGINT,
    visitor_type ENUM('OWNER', 'WORKER', 'VISITOR', 'EMPLOYEE', 'PROVIDER', 'PROVIDER_ORGANIZATION', 'COHABITANT', 'EMERGENCY') NOT NULL,
    plot_id BIGINT,
    is_active BOOLEAN NOT NULL,
    created_at TIMESTAMP DEFAULT CURRENT_TIMESTAMP,
    updated_at TIMESTAMP DEFAULT CURRENT_TIMESTAMP ON UPDATE CURRENT_TIMESTAMP,
    CONSTRAINT fk_visitor FOREIGN KEY (visitor_id) REFERENCES visitors(id)
) CHARACTER SET utf8mb4 COLLATE utf8mb4_unicode_ci;

-- Tabla de Auth_Ranges
CREATE TABLE auth_ranges (
    id BIGINT AUTO_INCREMENT PRIMARY KEY,
    auth_id BIGINT NULL,
    date_from DATE NULL,
    date_to DATE NULL,
    hour_from TIME NULL,
    hour_to TIME NULL,
    days VARCHAR(50) NULL,
    comment VARCHAR(255),
    is_active BOOLEAN NOT NULL,
    created_at TIMESTAMP DEFAULT CURRENT_TIMESTAMP,
    updated_at TIMESTAMP DEFAULT CURRENT_TIMESTAMP ON UPDATE CURRENT_TIMESTAMP,
    CONSTRAINT fk_auth FOREIGN KEY (auth_id) REFERENCES auths(id)
) CHARACTER SET utf8mb4 COLLATE utf8mb4_unicode_ci;

CREATE TABLE accesses (
    id BIGINT NOT NULL AUTO_INCREMENT,
    created_date DATETIME(6) DEFAULT NULL,
    created_user BIGINT DEFAULT NULL,
    last_updated_date DATETIME(6) DEFAULT NULL,
    last_updated_user BIGINT DEFAULT NULL,
    action ENUM('ENTRY', 'EXIT') DEFAULT NULL,
    action_date DATETIME(6) DEFAULT NULL,
    comments VARCHAR(255) DEFAULT NULL,
    plot_id BIGINT DEFAULT NULL,
    supplier_employee_id BIGINT DEFAULT NULL,
    vehicle_description VARCHAR(255) DEFAULT NULL,
    vehicle_reg VARCHAR(255) DEFAULT NULL,
    vehicle_type ENUM('CAR', 'FOOT', 'MOTORBIKE', 'PICKUP', 'TRUCK') DEFAULT NULL,
    auth_id BIGINT DEFAULT NULL,
    PRIMARY KEY (id),
    KEY FK_authvisit (auth_id),
    CONSTRAINT FK_authvisit FOREIGN KEY (auth_id) REFERENCES auths(id)
) ENGINE=InnoDB DEFAULT CHARSET=utf8mb4 COLLATE=utf8mb4_0900_ai_ci;

-- Insertar datos en Visitors
INSERT INTO visitors (name, lastname, doc_type, doc_number, birth_date, is_active) VALUES
('Juan', 'Pérez', 'DNI', 12345678, '1980-05-20', TRUE),
('María', 'Gómez', 'DNI', 23456789, '1992-11-15', TRUE),
('Carlos', 'Fernández', 'CUIL', 34567890, '1985-03-10', FALSE),
('Laura', 'Rodríguez', 'CUIL', 45678901, '1990-07-25', TRUE),
('Pedro', 'Martínez', 'CUIL', 56789012, '1978-12-30', TRUE),
('Sofía', 'López', 'DNI', 67890123, '1995-02-18', TRUE),
('Diego', 'Hernández', 'DNI', 78901234, '1988-09-05', TRUE),
('Ana', 'Ramírez', 'CUIL', 89012345, '1982-12-12', FALSE),
('Jorge', 'Castro', 'CUIL', 90123456, '1975-06-22', TRUE),
('Lucía', 'Morales', 'DNI', 12345679, '1990-04-01', TRUE);

-- Insertar datos en Auths
INSERT INTO auths (visitor_id, visitor_type, plot_id, is_active) VALUES
(1, 'OWNER', 1,TRUE),
(2 ,'WORKER',2 ,TRUE),
(3, 'VISITOR',3 ,TRUE),
(4, 'EMPLOYEE',4, FALSE),
(5, 'PROVIDER', 5,TRUE),
(6, 'OWNER', 6,TRUE),
(7 ,'WORKER',7 ,TRUE),
(8, 'VISITOR',8 ,TRUE),
(9, 'VISITOR',9, FALSE),
(10, 'VISITOR', 10,TRUE);


INSERT INTO accesses (created_date, created_user, last_updated_date, last_updated_user, action_date, plot_id, vehicle_type, auth_id, action) VALUES ('2024-03-20 11:46:05.245230', 5, '2024-04-05 15:05:51.216637', 2, '2024-07-05 11:51:53', 2, 'TRUCK', 1, 'EXIT');
INSERT INTO accesses (created_date, created_user, last_updated_date, last_updated_user, action_date, plot_id, vehicle_type, auth_id, action) VALUES ('2024-06-13 02:38:01.143885', 1, '2024-06-17 19:22:38.040931', 5, '2024-04-02 19:44:49', 8, 'TRUCK', 3, 'ENTRY');
INSERT INTO accesses (created_date, created_user, last_updated_date, last_updated_user, action_date, plot_id, vehicle_type, auth_id, action) VALUES ('2024-09-03 06:55:01.903315', 5, '2024-02-15 06:55:39.797688', 2, '2024-07-25 06:36:27', 1, 'MOTORBIKE', 9, 'ENTRY');
INSERT INTO accesses (created_date, created_user, last_updated_date, last_updated_user, action_date, plot_id, vehicle_type, auth_id, action) VALUES ('2024-01-13 15:05:03.055405', 5, '2024-07-06 13:21:51.373902', 6, '2024-09-03 04:19:51', 8, 'PICKUP', 3, 'EXIT');
INSERT INTO accesses (created_date, created_user, last_updated_date, last_updated_user, action_date, plot_id, vehicle_type, auth_id, action) VALUES ('2024-06-06 00:38:36.419084', 3, '2024-02-27 03:58:42.840545', 2, '2024-01-14 00:49:23', 8, 'MOTORBIKE', 7, 'EXIT');
INSERT INTO accesses (created_date, created_user, last_updated_date, last_updated_user, action_date, plot_id, vehicle_type, auth_id, action) VALUES ('2024-10-10 02:25:32.793695', 1, '2024-05-12 16:06:40.482356', 2, '2024-07-22 04:04:47', 2, 'FOOT', 9, 'EXIT');
INSERT INTO accesses (created_date, created_user, last_updated_date, last_updated_user, action_date, plot_id, vehicle_type, auth_id, action) VALUES ('2024-06-28 22:26:55.298459', 4, '2024-05-22 00:24:32.867428', 6, '2024-06-29 18:21:10', 7, 'CAR', 10, 'ENTRY');
INSERT INTO accesses (created_date, created_user, last_updated_date, last_updated_user, action_date, plot_id, vehicle_type, auth_id, action) VALUES ('2024-10-23 09:09:28.397326', 4, '2024-05-24 11:08:52.387171', 3, '2024-02-12 15:30:52', 2, 'PICKUP', 6, 'EXIT');
INSERT INTO accesses (created_date, created_user, last_updated_date, last_updated_user, action_date, plot_id, vehicle_type, auth_id, action) VALUES ('2024-09-27 14:01:32.973832', 6, '2024-08-02 15:47:45.650978', 6, '2024-07-15 14:42:42', 3, 'PICKUP', 4, 'EXIT');
INSERT INTO accesses (created_date, created_user, last_updated_date, last_updated_user, action_date, plot_id, vehicle_type, auth_id, action) VALUES ('2024-04-02 20:47:20.773324', 4, '2024-09-18 22:36:52.468443', 3, '2024-01-21 03:41:24', 1, 'MOTORBIKE', 10, 'ENTRY');
INSERT INTO accesses (created_date, created_user, last_updated_date, last_updated_user, action_date, plot_id, vehicle_type, auth_id, action) VALUES ('2024-05-15 22:58:22.472146', 3, '2024-01-21 07:05:56.312402', 1, '2024-09-06 12:01:36', 8, 'CAR', 7, 'ENTRY');
INSERT INTO accesses (created_date, created_user, last_updated_date, last_updated_user, action_date, plot_id, vehicle_type, auth_id, action) VALUES ('2024-01-01 04:43:49.795151', 3, '2024-05-05 07:36:50.816444', 6, '2024-06-16 09:57:31', 5, 'PICKUP', 8, 'EXIT');
INSERT INTO accesses (created_date, created_user, last_updated_date, last_updated_user, action_date, plot_id, vehicle_type, auth_id, action) VALUES ('2024-03-23 13:19:26.363175', 5, '2024-10-26 10:23:20.043896', 1, '2024-06-05 19:09:55', 1, 'TRUCK', 1, 'ENTRY');
INSERT INTO accesses (created_date, created_user, last_updated_date, last_updated_user, action_date, plot_id, vehicle_type, auth_id, action) VALUES ('2024-03-26 09:25:01.962883', 3, '2024-02-12 16:54:44.636737', 1, '2024-05-16 18:55:08', 3, 'CAR', 8, 'EXIT');
INSERT INTO accesses (created_date, created_user, last_updated_date, last_updated_user, action_date, plot_id, vehicle_type, auth_id, action) VALUES ('2024-02-12 21:32:10.436435', 6, '2024-06-22 09:43:54.986461', 5, '2024-05-20 17:09:54', 2, 'MOTORBIKE', 9, 'EXIT');
INSERT INTO accesses (created_date, created_user, last_updated_date, last_updated_user, action_date, plot_id, vehicle_type, auth_id, action) VALUES ('2024-09-30 13:40:47.827759', 6, '2024-02-10 04:27:29.111571', 1, '2024-06-01 11:18:23', 2, 'CAR', 9, 'ENTRY');
INSERT INTO accesses (created_date, created_user, last_updated_date, last_updated_user, action_date, plot_id, vehicle_type, auth_id, action) VALUES ('2024-03-18 21:20:16.483922', 4, '2024-07-27 23:50:57.373109', 2, '2024-01-01 15:27:56', 2, 'MOTORBIKE', 1, 'EXIT');
INSERT INTO accesses (created_date, created_user, last_updated_date, last_updated_user, action_date, plot_id, vehicle_type, auth_id, action) VALUES ('2024-09-30 18:48:10.463121', 6, '2024-06-29 20:27:13.640656', 4, '2024-04-07 12:50:15', 9, 'TRUCK', 3, 'EXIT');
INSERT INTO accesses (created_date, created_user, last_updated_date, last_updated_user, action_date, plot_id, vehicle_type, auth_id, action) VALUES ('2024-10-31 08:28:18.805479', 6, '2024-03-22 01:34:44.227061', 3, '2024-11-02 02:58:34', 7, 'CAR', 1, 'ENTRY');
INSERT INTO accesses (created_date, created_user, last_updated_date, last_updated_user, action_date, plot_id, vehicle_type, auth_id, action) VALUES ('2024-06-19 15:12:11.551737', 4, '2024-04-11 00:39:31.986819', 6, '2024-09-25 06:03:21', 6, 'CAR', 6, 'ENTRY');
INSERT INTO accesses (created_date, created_user, last_updated_date, last_updated_user, action_date, plot_id, vehicle_type, auth_id, action) VALUES ('2024-07-28 18:46:06.450915', 6, '2024-06-26 00:42:32.806307', 4, '2024-03-21 22:13:39', 7, 'TRUCK', 8, 'EXIT');
INSERT INTO accesses (created_date, created_user, last_updated_date, last_updated_user, action_date, plot_id, vehicle_type, auth_id, action) VALUES ('2024-05-15 16:47:09.780555', 1, '2024-08-27 03:19:43.206607', 2, '2024-10-31 09:49:42', 5, 'MOTORBIKE', 2, 'EXIT');
INSERT INTO accesses (created_date, created_user, last_updated_date, last_updated_user, action_date, plot_id, vehicle_type, auth_id, action) VALUES ('2024-01-18 19:47:48.206088', 3, '2024-10-10 02:43:15.093524', 4, '2024-01-06 03:34:39', 1, 'PICKUP', 10, 'ENTRY');
INSERT INTO accesses (created_date, created_user, last_updated_date, last_updated_user, action_date, plot_id, vehicle_type, auth_id, action) VALUES ('2024-01-29 21:40:53.703498', 4, '2024-03-26 01:29:36.071913', 6, '2024-02-03 12:17:31', 10, 'CAR', 4, 'ENTRY');
INSERT INTO accesses (created_date, created_user, last_updated_date, last_updated_user, action_date, plot_id, vehicle_type, auth_id, action) VALUES ('2024-09-07 08:09:35.970780', 2, '2024-07-06 15:53:45.806269', 1, '2024-03-02 10:56:58', 6, 'PICKUP', 8, 'EXIT');
INSERT INTO accesses (created_date, created_user, last_updated_date, last_updated_user, action_date, plot_id, vehicle_type, auth_id, action) VALUES ('2024-03-20 06:06:46.232772', 3, '2024-08-28 12:25:01.330976', 1, '2024-04-30 09:44:43', 7, 'TRUCK', 10, 'ENTRY');
INSERT INTO accesses (created_date, created_user, last_updated_date, last_updated_user, action_date, plot_id, vehicle_type, auth_id, action) VALUES ('2024-05-03 09:20:56.868180', 6, '2024-05-23 05:36:43.066205', 5, '2024-10-03 22:11:59', 8, 'PICKUP', 5, 'EXIT');
INSERT INTO accesses (created_date, created_user, last_updated_date, last_updated_user, action_date, plot_id, vehicle_type, auth_id, action) VALUES ('2024-02-04 11:20:01.046556', 2, '2024-10-11 14:20:05.568726', 3, '2024-04-10 03:26:55', 8, 'FOOT', 4, 'ENTRY');
INSERT INTO accesses (created_date, created_user, last_updated_date, last_updated_user, action_date, plot_id, vehicle_type, auth_id, action) VALUES ('2024-10-28 00:55:58.472667', 1, '2024-10-30 23:57:01.498609', 6, '2024-05-17 21:12:21', 6, 'PICKUP', 1, 'ENTRY');
INSERT INTO accesses (created_date, created_user, last_updated_date, last_updated_user, action_date, plot_id, vehicle_type, auth_id, action) VALUES ('2024-01-23 23:00:00.099356', 1, '2024-08-15 13:50:34.725108', 1, '2024-08-22 17:44:12', 9, 'TRUCK', 9, 'ENTRY');
INSERT INTO accesses (created_date, created_user, last_updated_date, last_updated_user, action_date, plot_id, vehicle_type, auth_id, action) VALUES ('2024-04-05 03:56:46.824425', 3, '2024-09-19 20:04:34.364600', 2, '2024-09-19 06:00:24', 10, 'MOTORBIKE', 4, 'EXIT');
INSERT INTO accesses (created_date, created_user, last_updated_date, last_updated_user, action_date, plot_id, vehicle_type, auth_id, action) VALUES ('2024-03-10 19:39:09.207836', 5, '2024-10-06 21:44:24.202546', 2, '2024-01-02 15:14:17', 7, 'CAR', 4, 'EXIT');
INSERT INTO accesses (created_date, created_user, last_updated_date, last_updated_user, action_date, plot_id, vehicle_type, auth_id, action) VALUES ('2024-10-16 00:38:39.793451', 2, '2024-07-20 22:48:48.670387', 1, '2024-10-07 09:16:34', 8, 'FOOT', 9, 'ENTRY');
INSERT INTO accesses (created_date, created_user, last_updated_date, last_updated_user, action_date, plot_id, vehicle_type, auth_id, action) VALUES ('2024-08-06 12:26:19.957154', 6, '2024-08-22 19:57:33.072301', 6, '2024-04-04 15:59:56', 6, 'PICKUP', 7, 'EXIT');
INSERT INTO accesses (created_date, created_user, last_updated_date, last_updated_user, action_date, plot_id, vehicle_type, auth_id, action) VALUES ('2024-04-04 23:58:20.403562', 3, '2024-02-09 08:07:45.389089', 5, '2024-06-01 12:49:33', 8, 'FOOT', 4, 'EXIT');
INSERT INTO accesses (created_date, created_user, last_updated_date, last_updated_user, action_date, plot_id, vehicle_type, auth_id, action) VALUES ('2024-09-22 01:57:23.802228', 6, '2024-06-14 09:20:08.701923', 2, '2024-03-06 00:39:55', 4, 'CAR', 9, 'ENTRY');
INSERT INTO accesses (created_date, created_user, last_updated_date, last_updated_user, action_date, plot_id, vehicle_type, auth_id, action) VALUES ('2024-09-27 14:12:42.910609', 4, '2024-06-20 06:48:26.531022', 2, '2024-06-24 15:54:52', 2, 'MOTORBIKE', 9, 'ENTRY');
INSERT INTO accesses (created_date, created_user, last_updated_date, last_updated_user, action_date, plot_id, vehicle_type, auth_id, action) VALUES ('2024-06-05 16:05:31.833962', 6, '2024-09-09 09:39:19.010361', 4, '2024-01-22 06:03:14', 4, 'CAR', 7, 'EXIT');
INSERT INTO accesses (created_date, created_user, last_updated_date, last_updated_user, action_date, plot_id, vehicle_type, auth_id, action) VALUES ('2024-04-19 19:32:10.788454', 6, '2024-04-12 23:14:15.315746', 5, '2024-03-13 17:20:11', 4, 'CAR', 5, 'EXIT');
INSERT INTO accesses (created_date, created_user, last_updated_date, last_updated_user, action_date, plot_id, vehicle_type, auth_id, action) VALUES ('2024-04-04 16:50:46.624234', 2, '2024-01-19 20:43:28.358486', 3, '2024-04-17 16:55:48', 2, 'CAR', 9, 'EXIT');
INSERT INTO accesses (created_date, created_user, last_updated_date, last_updated_user, action_date, plot_id, vehicle_type, auth_id, action) VALUES ('2024-10-15 20:23:28.378835', 5, '2024-07-20 23:17:20.509930', 2, '2024-06-03 10:22:02', 6, 'PICKUP', 6, 'ENTRY');
INSERT INTO accesses (created_date, created_user, last_updated_date, last_updated_user, action_date, plot_id, vehicle_type, auth_id, action) VALUES ('2024-07-17 05:36:29.344864', 1, '2024-04-10 21:10:37.116121', 4, '2024-08-26 12:30:51', 1, 'TRUCK', 5, 'EXIT');
INSERT INTO accesses (created_date, created_user, last_updated_date, last_updated_user, action_date, plot_id, vehicle_type, auth_id, action) VALUES ('2024-01-31 17:36:12.155894', 2, '2024-04-30 00:58:02.137425', 2, '2024-09-12 14:18:17', 6, 'MOTORBIKE', 7, 'ENTRY');
INSERT INTO accesses (created_date, created_user, last_updated_date, last_updated_user, action_date, plot_id, vehicle_type, auth_id, action) VALUES ('2024-10-11 18:20:39.640867', 5, '2024-02-13 18:33:23.944712', 2, '2024-10-29 02:59:57', 10, 'TRUCK', 6, 'EXIT');
INSERT INTO accesses (created_date, created_user, last_updated_date, last_updated_user, action_date, plot_id, vehicle_type, auth_id, action) VALUES ('2024-04-25 02:28:25.011579', 1, '2024-09-29 12:11:48.828636', 4, '2024-03-22 21:30:02', 1, 'TRUCK', 7, 'EXIT');
INSERT INTO accesses (created_date, created_user, last_updated_date, last_updated_user, action_date, plot_id, vehicle_type, auth_id, action) VALUES ('2024-05-05 08:30:33.729587', 2, '2024-01-31 03:33:59.881444', 4, '2024-09-11 18:03:57', 2, 'FOOT', 10, 'ENTRY');
INSERT INTO accesses (created_date, created_user, last_updated_date, last_updated_user, action_date, plot_id, vehicle_type, auth_id, action) VALUES ('2024-06-17 15:12:59.983555', 2, '2024-08-27 22:39:55.449654', 1, '2024-09-05 11:22:23', 5, 'PICKUP', 10, 'ENTRY');
INSERT INTO accesses (created_date, created_user, last_updated_date, last_updated_user, action_date, plot_id, vehicle_type, auth_id, action) VALUES ('2024-09-08 03:50:02.531881', 6, '2024-02-07 12:40:18.842454', 1, '2024-07-17 01:09:04', 8, 'MOTORBIKE', 10, 'EXIT');
INSERT INTO accesses (created_date, created_user, last_updated_date, last_updated_user, action_date, plot_id, vehicle_type, auth_id, action) VALUES ('2024-03-17 21:15:39.950976', 2, '2024-03-19 03:22:17.269643', 2, '2024-03-21 19:47:16', 3, 'MOTORBIKE', 2, 'EXIT');
INSERT INTO accesses (created_date, created_user, last_updated_date, last_updated_user, action_date, plot_id, vehicle_type, auth_id, action) VALUES ('2024-07-16 05:06:50.721916', 4, '2024-10-17 01:56:59.280583', 5, '2024-08-29 15:23:02', 8, 'FOOT', 10, 'ENTRY');
INSERT INTO accesses (created_date, created_user, last_updated_date, last_updated_user, action_date, plot_id, vehicle_type, auth_id, action) VALUES ('2024-10-14 13:30:37.098282', 2, '2024-01-01 07:26:54.081095', 2, '2024-08-26 04:25:48', 2, 'PICKUP', 10, 'ENTRY');
INSERT INTO accesses (created_date, created_user, last_updated_date, last_updated_user, action_date, plot_id, vehicle_type, auth_id, action) VALUES ('2024-10-29 21:54:06.460099', 4, '2024-08-19 15:05:50.800249', 1, '2024-03-13 04:13:50', 10, 'TRUCK', 4, 'EXIT');
INSERT INTO accesses (created_date, created_user, last_updated_date, last_updated_user, action_date, plot_id, vehicle_type, auth_id, action) VALUES ('2024-08-19 05:02:55.926349', 5, '2024-03-15 13:00:24.291217', 4, '2024-03-20 23:34:06', 9, 'CAR', 8, 'EXIT');
INSERT INTO accesses (created_date, created_user, last_updated_date, last_updated_user, action_date, plot_id, vehicle_type, auth_id, action) VALUES ('2024-04-15 02:25:03.609854', 3, '2024-03-22 07:09:43.869353', 2, '2024-07-10 02:14:01', 10, 'CAR', 10, 'ENTRY');
INSERT INTO accesses (created_date, created_user, last_updated_date, last_updated_user, action_date, plot_id, vehicle_type, auth_id, action) VALUES ('2024-04-14 11:27:45.595920', 1, '2024-04-19 15:49:12.176339', 1, '2024-09-26 22:59:57', 1, 'TRUCK', 7, 'ENTRY');
INSERT INTO accesses (created_date, created_user, last_updated_date, last_updated_user, action_date, plot_id, vehicle_type, auth_id, action) VALUES ('2024-07-14 13:26:19.317327', 4, '2024-03-14 02:55:52.647528', 2, '2024-06-26 19:28:14', 6, 'MOTORBIKE', 10, 'EXIT');
INSERT INTO accesses (created_date, created_user, last_updated_date, last_updated_user, action_date, plot_id, vehicle_type, auth_id, action) VALUES ('2024-07-11 17:31:43.638005', 5, '2024-09-27 05:30:28.286131', 2, '2024-10-29 15:12:55', 10, 'PICKUP', 8, 'EXIT');
INSERT INTO accesses (created_date, created_user, last_updated_date, last_updated_user, action_date, plot_id, vehicle_type, auth_id, action) VALUES ('2024-04-10 21:20:18.313270', 3, '2024-01-20 17:43:35.689924', 6, '2024-05-04 00:59:57', 7, 'PICKUP', 6, 'EXIT');
INSERT INTO accesses (created_date, created_user, last_updated_date, last_updated_user, action_date, plot_id, vehicle_type, auth_id, action) VALUES ('2024-05-03 13:39:49.002518', 6, '2024-10-01 23:40:19.723498', 1, '2024-06-03 19:15:08', 5, 'FOOT', 6, 'EXIT');
INSERT INTO accesses (created_date, created_user, last_updated_date, last_updated_user, action_date, plot_id, vehicle_type, auth_id, action) VALUES ('2024-08-26 16:25:05.992505', 2, '2024-06-09 01:56:12.872516', 4, '2024-05-31 07:22:03', 10, 'CAR', 1, 'ENTRY');
INSERT INTO accesses (created_date, created_user, last_updated_date, last_updated_user, action_date, plot_id, vehicle_type, auth_id, action) VALUES ('2024-08-03 05:49:56.671106', 5, '2024-07-21 17:31:20.501666', 2, '2024-06-10 19:00:09', 3, 'PICKUP', 3, 'ENTRY');
INSERT INTO accesses (created_date, created_user, last_updated_date, last_updated_user, action_date, plot_id, vehicle_type, auth_id, action) VALUES ('2024-04-15 00:35:24.242350', 4, '2024-09-16 02:06:05.652372', 6, '2024-05-06 15:25:25', 7, 'MOTORBIKE', 8, 'EXIT');
INSERT INTO accesses (created_date, created_user, last_updated_date, last_updated_user, action_date, plot_id, vehicle_type, auth_id, action) VALUES ('2024-03-27 18:44:44.813473', 6, '2024-05-16 10:30:25.446901', 1, '2024-11-02 01:36:02', 1, 'PICKUP', 6, 'EXIT');
INSERT INTO accesses (created_date, created_user, last_updated_date, last_updated_user, action_date, plot_id, vehicle_type, auth_id, action) VALUES ('2024-10-21 12:04:25.946903', 6, '2024-09-03 07:09:07.532102', 4, '2024-03-12 15:52:20', 5, 'FOOT', 2, 'ENTRY');
INSERT INTO accesses (created_date, created_user, last_updated_date, last_updated_user, action_date, plot_id, vehicle_type, auth_id, action) VALUES ('2024-07-07 10:07:20.836970', 2, '2024-09-16 15:26:55.141165', 5, '2024-07-06 03:25:35', 8, 'CAR', 2, 'EXIT');
INSERT INTO accesses (created_date, created_user, last_updated_date, last_updated_user, action_date, plot_id, vehicle_type, auth_id, action) VALUES ('2024-01-25 10:53:34.332595', 3, '2024-01-26 07:40:51.226849', 6, '2024-07-15 09:56:00', 9, 'MOTORBIKE', 2, 'EXIT');
INSERT INTO accesses (created_date, created_user, last_updated_date, last_updated_user, action_date, plot_id, vehicle_type, auth_id, action) VALUES ('2024-03-12 06:21:57.554543', 5, '2024-04-16 01:22:39.952214', 4, '2024-02-03 12:12:38', 3, 'CAR', 3, 'ENTRY');
INSERT INTO accesses (created_date, created_user, last_updated_date, last_updated_user, action_date, plot_id, vehicle_type, auth_id, action) VALUES ('2024-02-19 23:13:38.818824', 3, '2024-10-08 10:06:51.053527', 5, '2024-10-23 09:55:35', 9, 'CAR', 10, 'EXIT');
INSERT INTO accesses (created_date, created_user, last_updated_date, last_updated_user, action_date, plot_id, vehicle_type, auth_id, action) VALUES ('2024-06-22 22:56:21.670407', 1, '2024-07-24 10:53:30.619993', 4, '2024-08-20 20:52:24', 3, 'CAR', 6, 'EXIT');
INSERT INTO accesses (created_date, created_user, last_updated_date, last_updated_user, action_date, plot_id, vehicle_type, auth_id, action) VALUES ('2024-10-10 07:25:54.703101', 6, '2024-11-02 16:00:13.638228', 2, '2024-06-24 17:05:44', 7, 'FOOT', 6, 'ENTRY');
INSERT INTO accesses (created_date, created_user, last_updated_date, last_updated_user, action_date, plot_id, vehicle_type, auth_id, action) VALUES ('2024-07-01 22:41:39.354684', 5, '2024-04-06 10:16:25.310251', 3, '2024-07-02 15:24:18', 6, 'MOTORBIKE', 2, 'ENTRY');
INSERT INTO accesses (created_date, created_user, last_updated_date, last_updated_user, action_date, plot_id, vehicle_type, auth_id, action) VALUES ('2024-01-22 20:01:34.943941', 6, '2024-02-09 10:36:12.347311', 4, '2024-03-28 10:45:35', 7, 'PICKUP', 6, 'ENTRY');
INSERT INTO accesses (created_date, created_user, last_updated_date, last_updated_user, action_date, plot_id, vehicle_type, auth_id, action) VALUES ('2024-08-09 08:02:01.633267', 4, '2024-04-29 23:14:37.003876', 6, '2024-04-06 02:39:05', 2, 'PICKUP', 2, 'ENTRY');
INSERT INTO accesses (created_date, created_user, last_updated_date, last_updated_user, action_date, plot_id, vehicle_type, auth_id, action) VALUES ('2024-07-06 16:52:02.621974', 4, '2024-03-08 13:14:51.206766', 5, '2024-05-22 08:15:13', 7, 'PICKUP', 6, 'ENTRY');
INSERT INTO accesses (created_date, created_user, last_updated_date, last_updated_user, action_date, plot_id, vehicle_type, auth_id, action) VALUES ('2024-10-12 13:21:22.673191', 6, '2024-02-12 21:01:50.944733', 5, '2024-08-25 22:28:48', 4, 'CAR', 10, 'EXIT');
INSERT INTO accesses (created_date, created_user, last_updated_date, last_updated_user, action_date, plot_id, vehicle_type, auth_id, action) VALUES ('2024-04-17 00:41:55.648106', 2, '2024-06-22 01:15:07.535186', 1, '2024-07-23 01:25:45', 4, 'MOTORBIKE', 2, 'ENTRY');
INSERT INTO accesses (created_date, created_user, last_updated_date, last_updated_user, action_date, plot_id, vehicle_type, auth_id, action) VALUES ('2024-04-27 01:38:44.333380', 3, '2024-07-20 05:48:52.744421', 4, '2024-03-29 13:08:51', 4, 'MOTORBIKE', 8, 'ENTRY');
INSERT INTO accesses (created_date, created_user, last_updated_date, last_updated_user, action_date, plot_id, vehicle_type, auth_id, action) VALUES ('2024-06-28 04:25:58.939938', 6, '2024-02-25 09:24:02.053637', 3, '2024-03-15 04:19:12', 4, 'CAR', 7, 'ENTRY');
INSERT INTO accesses (created_date, created_user, last_updated_date, last_updated_user, action_date, plot_id, vehicle_type, auth_id, action) VALUES ('2024-02-26 07:08:13.747374', 1, '2024-03-31 03:11:06.234910', 1, '2024-01-24 00:13:04', 10, 'PICKUP', 10, 'EXIT');
INSERT INTO accesses (created_date, created_user, last_updated_date, last_updated_user, action_date, plot_id, vehicle_type, auth_id, action) VALUES ('2024-03-26 09:14:19.266526', 3, '2024-07-20 16:35:25.450429', 2, '2024-08-29 11:58:30', 8, 'PICKUP', 8, 'ENTRY');
INSERT INTO accesses (created_date, created_user, last_updated_date, last_updated_user, action_date, plot_id, vehicle_type, auth_id, action) VALUES ('2024-07-04 21:03:06.430577', 5, '2024-09-06 01:18:16.904543', 6, '2024-02-05 04:44:43', 6, 'TRUCK', 1, 'EXIT');
INSERT INTO accesses (created_date, created_user, last_updated_date, last_updated_user, action_date, plot_id, vehicle_type, auth_id, action) VALUES ('2024-07-04 21:27:41.435482', 2, '2024-02-28 10:53:41.947039', 4, '2024-05-04 06:08:50', 10, 'FOOT', 6, 'EXIT');
INSERT INTO accesses (created_date, created_user, last_updated_date, last_updated_user, action_date, plot_id, vehicle_type, auth_id, action) VALUES ('2024-09-19 17:10:17.402931', 5, '2024-08-31 05:36:44.092841', 5, '2024-01-10 06:13:43', 1, 'FOOT', 9, 'EXIT');
INSERT INTO accesses (created_date, created_user, last_updated_date, last_updated_user, action_date, plot_id, vehicle_type, auth_id, action) VALUES ('2024-09-06 18:16:52.692358', 6, '2024-10-14 03:01:18.157079', 5, '2024-10-17 00:39:07', 10, 'TRUCK', 8, 'ENTRY');
INSERT INTO accesses (created_date, created_user, last_updated_date, last_updated_user, action_date, plot_id, vehicle_type, auth_id, action) VALUES ('2024-10-26 19:15:17.553478', 1, '2024-09-14 20:14:15.926776', 5, '2024-05-24 16:59:28', 10, 'MOTORBIKE', 6, 'EXIT');
INSERT INTO accesses (created_date, created_user, last_updated_date, last_updated_user, action_date, plot_id, vehicle_type, auth_id, action) VALUES ('2024-03-18 09:53:20.311725', 3, '2024-08-26 12:21:51.699790', 4, '2024-10-05 22:15:29', 1, 'CAR', 10, 'EXIT');
INSERT INTO accesses (created_date, created_user, last_updated_date, last_updated_user, action_date, plot_id, vehicle_type, auth_id, action) VALUES ('2024-04-08 09:55:49.924246', 4, '2024-11-03 13:06:05.720623', 5, '2024-02-01 08:53:44', 1, 'CAR', 1, 'EXIT');
INSERT INTO accesses (created_date, created_user, last_updated_date, last_updated_user, action_date, plot_id, vehicle_type, auth_id, action) VALUES ('2024-07-10 00:25:06.602052', 5, '2024-09-08 09:21:49.582920', 2, '2024-02-03 15:29:17', 10, 'MOTORBIKE', 4, 'ENTRY');
INSERT INTO accesses (created_date, created_user, last_updated_date, last_updated_user, action_date, plot_id, vehicle_type, auth_id, action) VALUES ('2024-09-22 01:46:42.259214', 3, '2024-02-05 16:42:40.939706', 3, '2024-08-31 05:23:33', 10, 'CAR', 8, 'ENTRY');
INSERT INTO accesses (created_date, created_user, last_updated_date, last_updated_user, action_date, plot_id, vehicle_type, auth_id, action) VALUES ('2024-08-26 20:45:16.771790', 1, '2024-03-14 04:49:30.537766', 5, '2024-07-22 22:46:52', 6, 'CAR', 4, 'EXIT');
INSERT INTO accesses (created_date, created_user, last_updated_date, last_updated_user, action_date, plot_id, vehicle_type, auth_id, action) VALUES ('2024-05-10 11:31:39.426191', 6, '2024-08-05 19:39:48.618182', 3, '2024-04-18 16:45:20', 7, 'TRUCK', 3, 'EXIT');
INSERT INTO accesses (created_date, created_user, last_updated_date, last_updated_user, action_date, plot_id, vehicle_type, auth_id, action) VALUES ('2024-02-17 03:35:06.728917', 5, '2024-05-01 10:35:42.990636', 6, '2024-03-07 05:18:21', 6, 'MOTORBIKE', 4, 'EXIT');
INSERT INTO accesses (created_date, created_user, last_updated_date, last_updated_user, action_date, plot_id, vehicle_type, auth_id, action) VALUES ('2024-07-29 08:13:28.635855', 5, '2024-10-15 02:11:41.241887', 5, '2024-03-19 00:48:56', 2, 'TRUCK', 5, 'ENTRY');
INSERT INTO accesses (created_date, created_user, last_updated_date, last_updated_user, action_date, plot_id, vehicle_type, auth_id, action) VALUES ('2024-07-27 03:11:27.234931', 4, '2024-06-11 12:36:49.507332', 1, '2024-03-19 00:18:04', 9, 'MOTORBIKE', 5, 'EXIT');
INSERT INTO accesses (created_date, created_user, last_updated_date, last_updated_user, action_date, plot_id, vehicle_type, auth_id, action) VALUES ('2024-02-18 18:46:51.443485', 2, '2024-02-05 05:15:32.622269', 5, '2024-05-12 10:12:44', 9, 'PICKUP', 5, 'EXIT');
INSERT INTO accesses (created_date, created_user, last_updated_date, last_updated_user, action_date, plot_id, vehicle_type, auth_id, action) VALUES ('2024-07-11 22:43:38.841124', 1, '2024-07-19 18:18:32.285705', 3, '2024-01-01 20:08:33', 1, 'FOOT', 5, 'ENTRY');
INSERT INTO accesses (created_date, created_user, last_updated_date, last_updated_user, action_date, plot_id, vehicle_type, auth_id, action) VALUES ('2024-05-29 08:11:26.302735', 1, '2024-01-15 17:56:20.184997', 6, '2024-03-16 12:52:29', 4, 'CAR', 7, 'EXIT');
INSERT INTO accesses (created_date, created_user, last_updated_date, last_updated_user, action_date, plot_id, vehicle_type, auth_id, action) VALUES ('2024-09-30 21:58:07.857790', 4, '2024-05-05 07:48:34.808702', 2, '2024-05-14 04:41:34', 6, 'MOTORBIKE', 3, 'EXIT');
INSERT INTO accesses (created_date, created_user, last_updated_date, last_updated_user, action_date, plot_id, vehicle_type, auth_id, action) VALUES ('2024-07-16 07:45:37.640337', 2, '2024-02-13 09:11:21.335374', 5, '2024-03-05 03:16:29', 5, 'FOOT', 2, 'ENTRY');
INSERT INTO accesses (created_date, created_user, last_updated_date, last_updated_user, action_date, plot_id, vehicle_type, auth_id, action) VALUES ('2024-10-28 23:45:30.356124', 1, '2024-01-12 20:09:38.393463', 5, '2024-05-06 11:14:48', 2, 'TRUCK', 2, 'EXIT');
INSERT INTO accesses (created_date, created_user, last_updated_date, last_updated_user, action_date, plot_id, vehicle_type, auth_id, action) VALUES ('2024-07-22 22:45:19.928202', 5, '2024-07-07 23:02:30.807767', 2, '2024-02-18 05:45:27', 3, 'FOOT', 9, 'EXIT');
INSERT INTO accesses (created_date, created_user, last_updated_date, last_updated_user, action_date, plot_id, vehicle_type, auth_id, action) VALUES ('2024-01-27 07:27:51.257748', 1, '2024-05-11 21:36:11.209841', 5, '2024-06-26 10:39:46', 5, 'FOOT', 8, 'EXIT');
INSERT INTO accesses (created_date, created_user, last_updated_date, last_updated_user, action_date, plot_id, vehicle_type, auth_id, action) VALUES ('2024-06-03 12:15:13.020729', 2, '2024-05-22 16:17:45.133056', 3, '2024-10-13 19:02:06', 7, 'MOTORBIKE', 6, 'ENTRY');
INSERT INTO accesses (created_date, created_user, last_updated_date, last_updated_user, action_date, plot_id, vehicle_type, auth_id, action) VALUES ('2024-02-17 00:41:09.962629', 6, '2024-08-12 05:28:05.607309', 5, '2024-03-29 00:42:42', 8, 'MOTORBIKE', 5, 'ENTRY');
INSERT INTO accesses (created_date, created_user, last_updated_date, last_updated_user, action_date, plot_id, vehicle_type, auth_id, action) VALUES ('2024-04-16 22:19:46.886514', 6, '2024-01-16 12:13:30.493979', 1, '2024-06-29 05:58:34', 6, 'CAR', 6, 'EXIT');
INSERT INTO accesses (created_date, created_user, last_updated_date, last_updated_user, action_date, plot_id, vehicle_type, auth_id, action) VALUES ('2024-09-17 09:46:20.244002', 3, '2024-04-27 22:24:20.737590', 5, '2024-04-07 11:41:56', 8, 'CAR', 5, 'EXIT');
INSERT INTO accesses (created_date, created_user, last_updated_date, last_updated_user, action_date, plot_id, vehicle_type, auth_id, action) VALUES ('2024-07-06 23:21:55.165075', 2, '2024-05-14 08:24:35.356595', 5, '2024-06-10 05:00:25', 5, 'CAR', 2, 'ENTRY');
INSERT INTO accesses (created_date, created_user, last_updated_date, last_updated_user, action_date, plot_id, vehicle_type, auth_id, action) VALUES ('2024-04-13 21:36:06.468216', 3, '2024-01-13 19:54:28.977214', 1, '2024-05-10 11:16:29', 4, 'TRUCK', 5, 'EXIT');
INSERT INTO accesses (created_date, created_user, last_updated_date, last_updated_user, action_date, plot_id, vehicle_type, auth_id, action) VALUES ('2024-07-24 08:52:44.174460', 2, '2024-05-13 10:56:44.502980', 6, '2024-07-08 00:18:17', 8, 'PICKUP', 3, 'ENTRY');
INSERT INTO accesses (created_date, created_user, last_updated_date, last_updated_user, action_date, plot_id, vehicle_type, auth_id, action) VALUES ('2024-10-07 18:46:16.205240', 6, '2024-02-22 01:20:39.776275', 2, '2024-01-01 07:52:31', 4, 'PICKUP', 3, 'EXIT');
INSERT INTO accesses (created_date, created_user, last_updated_date, last_updated_user, action_date, plot_id, vehicle_type, auth_id, action) VALUES ('2024-09-26 19:31:08.333804', 3, '2024-01-01 00:13:21.484927', 1, '2024-05-01 22:58:25', 4, 'FOOT', 5, 'EXIT');
INSERT INTO accesses (created_date, created_user, last_updated_date, last_updated_user, action_date, plot_id, vehicle_type, auth_id, action) VALUES ('2024-02-19 13:44:41.486344', 1, '2024-09-19 22:04:20.929499', 1, '2024-07-23 19:09:43', 7, 'CAR', 4, 'ENTRY');
INSERT INTO accesses (created_date, created_user, last_updated_date, last_updated_user, action_date, plot_id, vehicle_type, auth_id, action) VALUES ('2024-03-13 23:35:54.586326', 5, '2024-08-12 18:41:50.708686', 4, '2024-04-10 02:07:50', 5, 'CAR', 8, 'EXIT');
INSERT INTO accesses (created_date, created_user, last_updated_date, last_updated_user, action_date, plot_id, vehicle_type, auth_id, action) VALUES ('2024-07-09 03:59:53.043750', 1, '2024-03-22 20:25:31.601969', 1, '2024-02-15 21:52:17', 8, 'PICKUP', 6, 'ENTRY');
INSERT INTO accesses (created_date, created_user, last_updated_date, last_updated_user, action_date, plot_id, vehicle_type, auth_id, action) VALUES ('2024-09-13 06:31:12.697211', 3, '2024-09-26 16:45:48.806886', 6, '2024-02-22 10:22:02', 9, 'PICKUP', 8, 'ENTRY');
INSERT INTO accesses (created_date, created_user, last_updated_date, last_updated_user, action_date, plot_id, vehicle_type, auth_id, action) VALUES ('2024-03-05 11:59:57.449218', 4, '2024-06-26 15:27:39.568875', 6, '2024-08-15 03:02:03', 5, 'PICKUP', 6, 'EXIT');
INSERT INTO accesses (created_date, created_user, last_updated_date, last_updated_user, action_date, plot_id, vehicle_type, auth_id, action) VALUES ('2024-03-30 05:51:55.945744', 2, '2024-05-12 19:27:41.890811', 3, '2024-10-12 20:19:05', 10, 'MOTORBIKE', 6, 'EXIT');
INSERT INTO accesses (created_date, created_user, last_updated_date, last_updated_user, action_date, plot_id, vehicle_type, auth_id, action) VALUES ('2024-02-18 16:18:22.152705', 4, '2024-09-20 20:40:36.949731', 5, '2024-07-24 01:17:13', 7, 'PICKUP', 8, 'EXIT');
INSERT INTO accesses (created_date, created_user, last_updated_date, last_updated_user, action_date, plot_id, vehicle_type, auth_id, action) VALUES ('2024-03-11 15:21:33.748904', 1, '2024-08-22 01:51:54.547130', 2, '2024-08-29 10:33:53', 10, 'MOTORBIKE', 10, 'ENTRY');
INSERT INTO accesses (created_date, created_user, last_updated_date, last_updated_user, action_date, plot_id, vehicle_type, auth_id, action) VALUES ('2024-07-04 07:42:33.498357', 5, '2024-08-05 20:40:04.523723', 1, '2024-05-08 10:24:54', 4, 'TRUCK', 5, 'EXIT');
INSERT INTO accesses (created_date, created_user, last_updated_date, last_updated_user, action_date, plot_id, vehicle_type, auth_id, action) VALUES ('2024-06-27 05:05:54.812358', 2, '2024-10-18 00:27:47.443135', 6, '2024-01-18 23:27:55', 9, 'FOOT', 9, 'ENTRY');
INSERT INTO accesses (created_date, created_user, last_updated_date, last_updated_user, action_date, plot_id, vehicle_type, auth_id, action) VALUES ('2024-03-25 01:11:51.448876', 2, '2024-03-03 18:16:33.231229', 4, '2024-01-25 01:39:30', 8, 'MOTORBIKE', 3, 'EXIT');
INSERT INTO accesses (created_date, created_user, last_updated_date, last_updated_user, action_date, plot_id, vehicle_type, auth_id, action) VALUES ('2024-03-25 08:02:29.365377', 3, '2024-02-29 09:25:32.950287', 5, '2024-05-18 08:03:26', 10, 'CAR', 6, 'EXIT');
INSERT INTO accesses (created_date, created_user, last_updated_date, last_updated_user, action_date, plot_id, vehicle_type, auth_id, action) VALUES ('2024-05-15 04:10:10.479790', 2, '2024-05-05 07:08:16.056159', 1, '2024-06-25 06:14:50', 5, 'MOTORBIKE', 6, 'ENTRY');
INSERT INTO accesses (created_date, created_user, last_updated_date, last_updated_user, action_date, plot_id, vehicle_type, auth_id, action) VALUES ('2024-08-19 22:42:08.277065', 4, '2024-09-05 22:42:55.358824', 5, '2024-03-18 16:09:27', 6, 'FOOT', 6, 'EXIT');
INSERT INTO accesses (created_date, created_user, last_updated_date, last_updated_user, action_date, plot_id, vehicle_type, auth_id, action) VALUES ('2024-04-01 22:24:33.727067', 2, '2024-07-04 12:45:28.021658', 4, '2024-10-12 22:39:56', 7, 'TRUCK', 1, 'EXIT');
INSERT INTO accesses (created_date, created_user, last_updated_date, last_updated_user, action_date, plot_id, vehicle_type, auth_id, action) VALUES ('2024-08-27 19:47:51.427513', 3, '2024-09-04 15:55:48.532270', 5, '2024-07-03 17:58:05', 10, 'CAR', 8, 'ENTRY');
INSERT INTO accesses (created_date, created_user, last_updated_date, last_updated_user, action_date, plot_id, vehicle_type, auth_id, action) VALUES ('2024-07-10 04:06:33.541857', 5, '2024-10-30 02:21:29.226546', 4, '2024-06-20 11:49:08', 6, 'TRUCK', 2, 'ENTRY');
INSERT INTO accesses (created_date, created_user, last_updated_date, last_updated_user, action_date, plot_id, vehicle_type, auth_id, action) VALUES ('2024-10-18 06:58:24.690528', 3, '2024-08-28 16:07:09.345629', 2, '2024-05-12 14:09:05', 10, 'TRUCK', 8, 'EXIT');
INSERT INTO accesses (created_date, created_user, last_updated_date, last_updated_user, action_date, plot_id, vehicle_type, auth_id, action) VALUES ('2024-07-30 10:57:54.650770', 5, '2024-06-28 19:42:01.913741', 5, '2024-01-14 05:43:20', 10, 'TRUCK', 7, 'EXIT');
INSERT INTO accesses (created_date, created_user, last_updated_date, last_updated_user, action_date, plot_id, vehicle_type, auth_id, action) VALUES ('2024-08-13 06:06:13.701891', 1, '2024-02-14 11:43:20.299175', 1, '2024-02-09 07:26:52', 3, 'TRUCK', 8, 'EXIT');
INSERT INTO accesses (created_date, created_user, last_updated_date, last_updated_user, action_date, plot_id, vehicle_type, auth_id, action) VALUES ('2024-06-02 00:48:38.696723', 2, '2024-09-26 14:30:04.466057', 3, '2024-08-27 23:21:40', 6, 'TRUCK', 9, 'ENTRY');
INSERT INTO accesses (created_date, created_user, last_updated_date, last_updated_user, action_date, plot_id, vehicle_type, auth_id, action) VALUES ('2024-08-31 23:15:44.934974', 1, '2024-01-29 14:57:27.158022', 4, '2024-03-25 15:37:19', 1, 'TRUCK', 8, 'ENTRY');
INSERT INTO accesses (created_date, created_user, last_updated_date, last_updated_user, action_date, plot_id, vehicle_type, auth_id, action) VALUES ('2024-05-14 00:29:28.415581', 4, '2024-04-30 16:39:20.244779', 5, '2024-02-21 23:05:40', 6, 'PICKUP', 3, 'EXIT');
INSERT INTO accesses (created_date, created_user, last_updated_date, last_updated_user, action_date, plot_id, vehicle_type, auth_id, action) VALUES ('2024-01-31 15:51:22.482319', 3, '2024-08-31 20:41:28.490143', 1, '2024-09-29 18:29:38', 10, 'PICKUP', 9, 'EXIT');
INSERT INTO accesses (created_date, created_user, last_updated_date, last_updated_user, action_date, plot_id, vehicle_type, auth_id, action) VALUES ('2024-09-27 14:03:36.363888', 5, '2024-04-27 18:12:56.835380', 4, '2024-10-01 09:30:12', 7, 'TRUCK', 1, 'ENTRY');
INSERT INTO accesses (created_date, created_user, last_updated_date, last_updated_user, action_date, plot_id, vehicle_type, auth_id, action) VALUES ('2024-07-27 03:52:39.451924', 3, '2024-05-19 07:38:31.235383', 4, '2024-03-02 09:27:55', 4, 'CAR', 8, 'EXIT');
INSERT INTO accesses (created_date, created_user, last_updated_date, last_updated_user, action_date, plot_id, vehicle_type, auth_id, action) VALUES ('2024-05-02 13:09:18.369471', 3, '2024-10-08 04:52:07.214260', 6, '2024-02-09 17:09:22', 9, 'FOOT', 4, 'EXIT');
INSERT INTO accesses (created_date, created_user, last_updated_date, last_updated_user, action_date, plot_id, vehicle_type, auth_id, action) VALUES ('2024-02-26 02:08:17.348514', 4, '2024-04-24 17:58:41.203865', 5, '2024-06-16 15:27:57', 2, 'CAR', 9, 'ENTRY');
INSERT INTO accesses (created_date, created_user, last_updated_date, last_updated_user, action_date, plot_id, vehicle_type, auth_id, action) VALUES ('2024-05-13 19:51:14.084686', 4, '2024-05-08 21:37:05.366103', 1, '2024-03-19 16:04:27', 5, 'FOOT', 1, 'ENTRY');
INSERT INTO accesses (created_date, created_user, last_updated_date, last_updated_user, action_date, plot_id, vehicle_type, auth_id, action) VALUES ('2024-02-11 17:06:31.578455', 6, '2024-02-27 15:15:11.814355', 3, '2024-05-27 18:05:53', 9, 'PICKUP', 2, 'EXIT');
INSERT INTO accesses (created_date, created_user, last_updated_date, last_updated_user, action_date, plot_id, vehicle_type, auth_id, action) VALUES ('2024-07-23 01:16:22.843524', 3, '2024-10-30 07:52:38.099721', 3, '2024-01-07 19:37:00', 2, 'FOOT', 2, 'ENTRY');
INSERT INTO accesses (created_date, created_user, last_updated_date, last_updated_user, action_date, plot_id, vehicle_type, auth_id, action) VALUES ('2024-10-03 21:37:22.057398', 6, '2024-02-08 11:18:22.319901', 6, '2024-05-19 11:42:24', 5, 'FOOT', 7, 'EXIT');
INSERT INTO accesses (created_date, created_user, last_updated_date, last_updated_user, action_date, plot_id, vehicle_type, auth_id, action) VALUES ('2024-09-13 18:49:44.001504', 1, '2024-10-28 05:18:55.425661', 3, '2024-02-13 09:19:56', 4, 'FOOT', 6, 'ENTRY');
INSERT INTO accesses (created_date, created_user, last_updated_date, last_updated_user, action_date, plot_id, vehicle_type, auth_id, action) VALUES ('2024-06-05 05:57:45.322220', 6, '2024-08-16 19:33:01.823964', 1, '2024-03-16 21:08:47', 6, 'PICKUP', 4, 'ENTRY');
INSERT INTO accesses (created_date, created_user, last_updated_date, last_updated_user, action_date, plot_id, vehicle_type, auth_id, action) VALUES ('2024-02-16 21:37:00.816611', 3, '2024-06-24 03:34:32.306994', 2, '2024-08-03 00:34:59', 1, 'FOOT', 3, 'ENTRY');
INSERT INTO accesses (created_date, created_user, last_updated_date, last_updated_user, action_date, plot_id, vehicle_type, auth_id, action) VALUES ('2024-09-20 08:17:34.309725', 3, '2024-03-19 06:31:08.066594', 1, '2024-01-04 16:28:21', 6, 'PICKUP', 7, 'ENTRY');
INSERT INTO accesses (created_date, created_user, last_updated_date, last_updated_user, action_date, plot_id, vehicle_type, auth_id, action) VALUES ('2024-10-29 04:35:25.513548', 3, '2024-09-02 00:00:35.795603', 5, '2024-01-30 09:40:56', 4, 'MOTORBIKE', 3, 'EXIT');
INSERT INTO accesses (created_date, created_user, last_updated_date, last_updated_user, action_date, plot_id, vehicle_type, auth_id, action) VALUES ('2024-10-04 10:57:53.367665', 4, '2024-07-19 14:39:50.750605', 2, '2024-09-07 20:12:51', 9, 'CAR', 10, 'ENTRY');
INSERT INTO accesses (created_date, created_user, last_updated_date, last_updated_user, action_date, plot_id, vehicle_type, auth_id, action) VALUES ('2024-03-04 00:30:25.165528', 2, '2024-07-11 02:49:17.096912', 5, '2024-01-09 18:36:52', 9, 'PICKUP', 6, 'EXIT');
INSERT INTO accesses (created_date, created_user, last_updated_date, last_updated_user, action_date, plot_id, vehicle_type, auth_id, action) VALUES ('2024-02-29 23:36:26.732692', 3, '2024-07-24 07:16:34.751941', 2, '2024-04-26 19:54:20', 1, 'FOOT', 6, 'EXIT');
INSERT INTO accesses (created_date, created_user, last_updated_date, last_updated_user, action_date, plot_id, vehicle_type, auth_id, action) VALUES ('2024-07-28 10:52:18.990096', 5, '2024-04-17 01:32:57.192938', 4, '2024-04-29 12:43:23', 1, 'TRUCK', 10, 'ENTRY');
INSERT INTO accesses (created_date, created_user, last_updated_date, last_updated_user, action_date, plot_id, vehicle_type, auth_id, action) VALUES ('2024-01-19 09:02:48.219877', 6, '2024-03-06 03:01:56.387122', 5, '2024-05-16 05:15:07', 4, 'MOTORBIKE', 6, 'EXIT');
INSERT INTO accesses (created_date, created_user, last_updated_date, last_updated_user, action_date, plot_id, vehicle_type, auth_id, action) VALUES ('2024-09-09 09:17:20.850872', 1, '2024-06-01 20:04:32.007271', 2, '2024-01-27 07:55:31', 4, 'FOOT', 8, 'ENTRY');
INSERT INTO accesses (created_date, created_user, last_updated_date, last_updated_user, action_date, plot_id, vehicle_type, auth_id, action) VALUES ('2024-04-17 23:34:34.116905', 6, '2024-07-31 18:16:58.336701', 5, '2024-09-02 13:38:41', 8, 'MOTORBIKE', 7, 'ENTRY');
INSERT INTO accesses (created_date, created_user, last_updated_date, last_updated_user, action_date, plot_id, vehicle_type, auth_id, action) VALUES ('2024-05-16 21:51:27.632720', 2, '2024-04-30 14:45:14.475756', 5, '2024-01-11 04:28:31', 7, 'TRUCK', 9, 'ENTRY');
INSERT INTO accesses (created_date, created_user, last_updated_date, last_updated_user, action_date, plot_id, vehicle_type, auth_id, action) VALUES ('2024-01-10 21:03:44.193598', 4, '2024-02-14 00:49:44.822049', 1, '2024-08-17 07:00:23', 1, 'PICKUP', 3, 'EXIT');
INSERT INTO accesses (created_date, created_user, last_updated_date, last_updated_user, action_date, plot_id, vehicle_type, auth_id, action) VALUES ('2024-02-05 00:21:09.745952', 4, '2024-03-06 00:28:52.522044', 5, '2024-09-14 05:55:41', 1, 'PICKUP', 3, 'EXIT');
INSERT INTO accesses (created_date, created_user, last_updated_date, last_updated_user, action_date, plot_id, vehicle_type, auth_id, action) VALUES ('2024-04-08 18:33:35.855003', 3, '2024-07-13 08:35:20.807128', 2, '2024-01-07 06:56:10', 6, 'MOTORBIKE', 5, 'EXIT');
INSERT INTO accesses (created_date, created_user, last_updated_date, last_updated_user, action_date, plot_id, vehicle_type, auth_id, action) VALUES ('2024-02-17 21:49:13.992428', 3, '2024-02-19 20:15:10.188198', 1, '2024-10-20 01:51:47', 9, 'TRUCK', 7, 'EXIT');
INSERT INTO accesses (created_date, created_user, last_updated_date, last_updated_user, action_date, plot_id, vehicle_type, auth_id, action) VALUES ('2024-08-23 05:10:24.796911', 5, '2024-01-15 02:32:49.037836', 5, '2024-06-11 04:41:22', 3, 'PICKUP', 6, 'ENTRY');
INSERT INTO accesses (created_date, created_user, last_updated_date, last_updated_user, action_date, plot_id, vehicle_type, auth_id, action) VALUES ('2024-07-28 21:31:37.070967', 1, '2024-08-18 23:26:43.095875', 2, '2024-10-17 20:25:09', 2, 'MOTORBIKE', 2, 'EXIT');
INSERT INTO accesses (created_date, created_user, last_updated_date, last_updated_user, action_date, plot_id, vehicle_type, auth_id, action) VALUES ('2024-06-08 02:57:59.619477', 1, '2024-10-01 02:06:36.657668', 4, '2024-07-11 07:09:21', 7, 'MOTORBIKE', 10, 'EXIT');
INSERT INTO accesses (created_date, created_user, last_updated_date, last_updated_user, action_date, plot_id, vehicle_type, auth_id, action) VALUES ('2024-05-03 05:18:06.632700', 4, '2024-01-24 00:14:20.616389', 5, '2024-05-17 21:09:54', 9, 'FOOT', 2, 'ENTRY');
INSERT INTO accesses (created_date, created_user, last_updated_date, last_updated_user, action_date, plot_id, vehicle_type, auth_id, action) VALUES ('2024-09-10 06:08:17.235142', 2, '2024-08-23 07:21:11.649897', 1, '2024-03-25 11:30:26', 10, 'MOTORBIKE', 10, 'ENTRY');
INSERT INTO accesses (created_date, created_user, last_updated_date, last_updated_user, action_date, plot_id, vehicle_type, auth_id, action) VALUES ('2024-07-05 13:24:51.229906', 4, '2024-10-02 14:06:47.663521', 3, '2024-06-02 15:48:22', 1, 'FOOT', 7, 'EXIT');
INSERT INTO accesses (created_date, created_user, last_updated_date, last_updated_user, action_date, plot_id, vehicle_type, auth_id, action) VALUES ('2024-06-04 05:27:22.501031', 3, '2024-07-21 22:44:27.983894', 2, '2024-02-13 22:28:51', 4, 'FOOT', 2, 'ENTRY');
INSERT INTO accesses (created_date, created_user, last_updated_date, last_updated_user, action_date, plot_id, vehicle_type, auth_id, action) VALUES ('2024-08-05 07:31:07.375460', 6, '2024-07-10 19:14:45.838187', 3, '2024-01-18 21:58:34', 9, 'CAR', 8, 'ENTRY');
INSERT INTO accesses (created_date, created_user, last_updated_date, last_updated_user, action_date, plot_id, vehicle_type, auth_id, action) VALUES ('2024-03-19 12:15:38.142912', 6, '2024-10-19 13:33:10.466806', 2, '2024-10-31 18:27:02', 4, 'PICKUP', 4, 'EXIT');
INSERT INTO accesses (created_date, created_user, last_updated_date, last_updated_user, action_date, plot_id, vehicle_type, auth_id, action) VALUES ('2024-03-18 17:49:46.787003', 4, '2024-04-24 04:45:11.624871', 1, '2024-06-01 00:33:01', 9, 'CAR', 2, 'EXIT');
INSERT INTO accesses (created_date, created_user, last_updated_date, last_updated_user, action_date, plot_id, vehicle_type, auth_id, action) VALUES ('2024-09-13 00:20:06.442975', 1, '2024-08-08 04:20:02.217362', 4, '2024-02-23 13:10:05', 3, 'TRUCK', 5, 'EXIT');
INSERT INTO accesses (created_date, created_user, last_updated_date, last_updated_user, action_date, plot_id, vehicle_type, auth_id, action) VALUES ('2024-03-14 17:09:34.592137', 2, '2024-07-01 21:17:15.130152', 2, '2024-10-10 15:02:29', 1, 'CAR', 4, 'EXIT');
INSERT INTO accesses (created_date, created_user, last_updated_date, last_updated_user, action_date, plot_id, vehicle_type, auth_id, action) VALUES ('2024-08-02 10:54:28.620195', 1, '2024-07-01 21:12:33.966406', 2, '2024-08-24 17:24:06', 7, 'FOOT', 10, 'ENTRY');
INSERT INTO accesses (created_date, created_user, last_updated_date, last_updated_user, action_date, plot_id, vehicle_type, auth_id, action) VALUES ('2024-04-08 07:34:42.188186', 2, '2024-02-13 00:16:28.729990', 1, '2024-07-27 02:06:06', 5, 'TRUCK', 10, 'EXIT');
INSERT INTO accesses (created_date, created_user, last_updated_date, last_updated_user, action_date, plot_id, vehicle_type, auth_id, action) VALUES ('2024-10-12 00:16:02.306803', 4, '2024-10-12 20:55:43.151700', 6, '2024-08-28 06:14:59', 5, 'CAR', 6, 'EXIT');
INSERT INTO accesses (created_date, created_user, last_updated_date, last_updated_user, action_date, plot_id, vehicle_type, auth_id, action) VALUES ('2024-04-30 06:35:39.584411', 6, '2024-11-03 02:32:04.905225', 4, '2024-06-18 08:12:15', 2, 'PICKUP', 3, 'EXIT');
INSERT INTO accesses (created_date, created_user, last_updated_date, last_updated_user, action_date, plot_id, vehicle_type, auth_id, action) VALUES ('2024-04-17 17:29:29.889879', 2, '2024-07-17 16:35:19.999096', 5, '2024-06-03 18:55:22', 6, 'PICKUP', 8, 'ENTRY');
INSERT INTO accesses (created_date, created_user, last_updated_date, last_updated_user, action_date, plot_id, vehicle_type, auth_id, action) VALUES ('2024-01-17 04:04:32.146895', 3, '2024-05-02 09:17:55.695179', 5, '2024-06-25 20:31:43', 8, 'CAR', 4, 'EXIT');
INSERT INTO accesses (created_date, created_user, last_updated_date, last_updated_user, action_date, plot_id, vehicle_type, auth_id, action) VALUES ('2024-10-08 11:38:17.547744', 2, '2024-05-15 20:37:25.502165', 2, '2024-05-04 22:52:29', 2, 'FOOT', 5, 'ENTRY');
INSERT INTO accesses (created_date, created_user, last_updated_date, last_updated_user, action_date, plot_id, vehicle_type, auth_id, action) VALUES ('2024-09-18 08:09:38.907906', 2, '2024-01-01 22:12:37.554643', 2, '2024-07-10 19:50:18', 4, 'TRUCK', 1, 'EXIT');
INSERT INTO accesses (created_date, created_user, last_updated_date, last_updated_user, action_date, plot_id, vehicle_type, auth_id, action) VALUES ('2024-10-13 13:14:46.165141', 4, '2024-05-31 22:57:21.196101', 1, '2024-05-15 20:17:20', 5, 'CAR', 3, 'EXIT');
INSERT INTO accesses (created_date, created_user, last_updated_date, last_updated_user, action_date, plot_id, vehicle_type, auth_id, action) VALUES ('2024-02-03 12:47:46.862918', 1, '2024-07-05 13:25:37.221552', 4, '2024-01-05 09:08:29', 8, 'FOOT', 1, 'EXIT');
INSERT INTO accesses (created_date, created_user, last_updated_date, last_updated_user, action_date, plot_id, vehicle_type, auth_id, action) VALUES ('2024-10-23 11:03:12.492709', 5, '2024-02-26 22:55:46.521018', 3, '2024-02-29 12:33:59', 7, 'MOTORBIKE', 1, 'ENTRY');
INSERT INTO accesses (created_date, created_user, last_updated_date, last_updated_user, action_date, plot_id, vehicle_type, auth_id, action) VALUES ('2024-07-01 15:21:28.476419', 1, '2024-07-24 11:17:45.368128', 1, '2024-05-26 22:24:50', 10, 'TRUCK', 6, 'EXIT');
INSERT INTO accesses (created_date, created_user, last_updated_date, last_updated_user, action_date, plot_id, vehicle_type, auth_id, action) VALUES ('2024-08-08 10:47:07.163935', 6, '2024-10-24 19:18:20.376571', 3, '2024-10-20 22:28:44', 9, 'FOOT', 6, 'ENTRY');
INSERT INTO accesses (created_date, created_user, last_updated_date, last_updated_user, action_date, plot_id, vehicle_type, auth_id, action) VALUES ('2024-06-28 04:24:20.006437', 5, '2024-01-16 04:12:54.108521', 3, '2024-09-01 20:03:45', 9, 'MOTORBIKE', 6, 'EXIT');
INSERT INTO accesses (created_date, created_user, last_updated_date, last_updated_user, action_date, plot_id, vehicle_type, auth_id, action) VALUES ('2024-07-23 15:48:00.116716', 1, '2024-05-14 19:59:18.267673', 3, '2024-09-30 19:24:38', 3, 'CAR', 1, 'ENTRY');
INSERT INTO accesses (created_date, created_user, last_updated_date, last_updated_user, action_date, plot_id, vehicle_type, auth_id, action) VALUES ('2024-08-26 05:42:34.385927', 2, '2024-04-06 19:37:02.485241', 2, '2024-07-04 18:36:57', 3, 'FOOT', 4, 'EXIT');
INSERT INTO accesses (created_date, created_user, last_updated_date, last_updated_user, action_date, plot_id, vehicle_type, auth_id, action) VALUES ('2024-01-04 05:26:26.579997', 2, '2024-09-01 10:57:51.724902', 4, '2024-09-12 19:21:21', 3, 'CAR', 4, 'ENTRY');
INSERT INTO accesses (created_date, created_user, last_updated_date, last_updated_user, action_date, plot_id, vehicle_type, auth_id, action) VALUES ('2024-06-22 23:22:27.564934', 2, '2024-03-04 23:27:59.968414', 4, '2024-10-14 11:41:08', 5, 'PICKUP', 7, 'EXIT');
INSERT INTO accesses (created_date, created_user, last_updated_date, last_updated_user, action_date, plot_id, vehicle_type, auth_id, action) VALUES ('2024-02-29 08:05:04.955930', 2, '2024-05-19 09:53:24.214312', 1, '2024-02-27 12:47:08', 5, 'FOOT', 2, 'EXIT');
INSERT INTO accesses (created_date, created_user, last_updated_date, last_updated_user, action_date, plot_id, vehicle_type, auth_id, action) VALUES ('2024-01-23 08:32:04.785473', 2, '2024-04-24 21:35:57.413677', 2, '2024-09-26 23:17:02', 5, 'FOOT', 3, 'ENTRY');
INSERT INTO accesses (created_date, created_user, last_updated_date, last_updated_user, action_date, plot_id, vehicle_type, auth_id, action) VALUES ('2024-02-12 10:05:48.765797', 1, '2024-04-29 05:17:48.453530', 4, '2024-10-17 10:23:40', 6, 'CAR', 3, 'EXIT');
INSERT INTO accesses (created_date, created_user, last_updated_date, last_updated_user, action_date, plot_id, vehicle_type, auth_id, action) VALUES ('2024-09-05 15:55:51.525407', 5, '2024-07-12 19:55:13.307820', 1, '2024-05-28 10:18:11', 6, 'MOTORBIKE', 6, 'EXIT');
INSERT INTO accesses (created_date, created_user, last_updated_date, last_updated_user, action_date, plot_id, vehicle_type, auth_id, action) VALUES ('2024-03-19 19:19:28.068698', 2, '2024-01-15 00:58:40.427380', 4, '2024-08-13 22:41:13', 4, 'CAR', 9, 'EXIT');
INSERT INTO accesses (created_date, created_user, last_updated_date, last_updated_user, action_date, plot_id, vehicle_type, auth_id, action) VALUES ('2024-06-04 21:43:16.513547', 2, '2024-02-08 15:02:32.599151', 4, '2024-01-25 21:34:30', 4, 'MOTORBIKE', 6, 'EXIT');
INSERT INTO accesses (created_date, created_user, last_updated_date, last_updated_user, action_date, plot_id, vehicle_type, auth_id, action) VALUES ('2024-08-01 19:13:31.781293', 6, '2024-02-04 13:39:02.157649', 5, '2024-05-08 10:13:24', 3, 'MOTORBIKE', 10, 'EXIT');
INSERT INTO accesses (created_date, created_user, last_updated_date, last_updated_user, action_date, plot_id, vehicle_type, auth_id, action) VALUES ('2024-05-22 03:54:33.789024', 4, '2024-10-19 23:55:12.142443', 4, '2024-09-24 07:53:50', 8, 'PICKUP', 8, 'EXIT');
INSERT INTO accesses (created_date, created_user, last_updated_date, last_updated_user, action_date, plot_id, vehicle_type, auth_id, action) VALUES ('2024-05-02 00:32:41.935689', 4, '2024-03-07 12:36:43.809746', 3, '2024-02-01 21:24:18', 4, 'PICKUP', 4, 'ENTRY');
INSERT INTO accesses (created_date, created_user, last_updated_date, last_updated_user, action_date, plot_id, vehicle_type, auth_id, action) VALUES ('2024-05-26 09:18:34.245634', 4, '2024-08-31 07:57:53.803713', 2, '2024-02-12 07:05:12', 9, 'MOTORBIKE', 6, 'EXIT');
INSERT INTO accesses (created_date, created_user, last_updated_date, last_updated_user, action_date, plot_id, vehicle_type, auth_id, action) VALUES ('2024-09-04 05:06:21.195301', 2, '2024-01-18 16:29:17.563207', 6, '2024-05-06 17:35:38', 7, 'CAR', 2, 'ENTRY');
INSERT INTO accesses (created_date, created_user, last_updated_date, last_updated_user, action_date, plot_id, vehicle_type, auth_id, action) VALUES ('2024-08-30 16:50:06.970306', 2, '2024-04-20 11:01:22.070146', 5, '2024-02-01 15:51:59', 10, 'CAR', 7, 'ENTRY');
INSERT INTO accesses (created_date, created_user, last_updated_date, last_updated_user, action_date, plot_id, vehicle_type, auth_id, action) VALUES ('2024-07-16 17:04:32.934426', 3, '2024-05-04 05:07:25.515621', 2, '2024-02-09 16:58:49', 6, 'FOOT', 4, 'EXIT');
INSERT INTO accesses (created_date, created_user, last_updated_date, last_updated_user, action_date, plot_id, vehicle_type, auth_id, action) VALUES ('2024-10-31 17:26:33.594132', 1, '2024-10-27 13:47:47.260693', 2, '2024-02-13 17:30:57', 2, 'CAR', 2, 'EXIT');
INSERT INTO accesses (created_date, created_user, last_updated_date, last_updated_user, action_date, plot_id, vehicle_type, auth_id, action) VALUES ('2024-03-02 00:09:29.958545', 6, '2024-04-04 10:20:11.909121', 5, '2024-06-27 20:53:44', 4, 'FOOT', 3, 'ENTRY');
INSERT INTO accesses (created_date, created_user, last_updated_date, last_updated_user, action_date, plot_id, vehicle_type, auth_id, action) VALUES ('2024-05-04 18:12:53.124137', 3, '2024-06-06 12:46:31.738194', 1, '2024-09-29 19:09:34', 2, 'TRUCK', 10, 'EXIT');
INSERT INTO accesses (created_date, created_user, last_updated_date, last_updated_user, action_date, plot_id, vehicle_type, auth_id, action) VALUES ('2024-07-21 22:35:43.855652', 4, '2024-06-02 17:07:28.044324', 4, '2024-01-23 19:11:00', 3, 'PICKUP', 8, 'EXIT');
INSERT INTO accesses (created_date, created_user, last_updated_date, last_updated_user, action_date, plot_id, vehicle_type, auth_id, action) VALUES ('2024-10-15 02:00:28.206350', 4, '2024-02-03 06:56:58.054850', 6, '2024-01-27 06:32:37', 9, 'PICKUP', 5, 'EXIT');
INSERT INTO accesses (created_date, created_user, last_updated_date, last_updated_user, action_date, plot_id, vehicle_type, auth_id, action) VALUES ('2024-08-10 01:41:29.448968', 2, '2024-09-05 05:04:33.517678', 5, '2024-01-09 19:41:30', 5, 'PICKUP', 1, 'EXIT');
INSERT INTO accesses (created_date, created_user, last_updated_date, last_updated_user, action_date, plot_id, vehicle_type, auth_id, action) VALUES ('2024-03-24 03:10:20.004033', 1, '2024-03-08 12:47:15.121058', 2, '2024-03-05 10:07:04', 6, 'CAR', 1, 'EXIT');
INSERT INTO accesses (created_date, created_user, last_updated_date, last_updated_user, action_date, plot_id, vehicle_type, auth_id, action) VALUES ('2024-09-07 22:16:34.316168', 2, '2024-05-10 22:19:04.053573', 6, '2024-10-01 02:50:21', 8, 'MOTORBIKE', 6, 'EXIT');
INSERT INTO accesses (created_date, created_user, last_updated_date, last_updated_user, action_date, plot_id, vehicle_type, auth_id, action) VALUES ('2024-06-06 12:30:45.688244', 3, '2024-01-13 10:24:17.451793', 4, '2024-10-30 07:53:13', 8, 'CAR', 5, 'ENTRY');
INSERT INTO accesses (created_date, created_user, last_updated_date, last_updated_user, action_date, plot_id, vehicle_type, auth_id, action) VALUES ('2024-08-27 04:34:46.964994', 2, '2024-08-26 11:13:03.296802', 1, '2024-05-15 21:10:21', 1, 'FOOT', 7, 'EXIT');
INSERT INTO accesses (created_date, created_user, last_updated_date, last_updated_user, action_date, plot_id, vehicle_type, auth_id, action) VALUES ('2024-03-31 16:36:48.119888', 1, '2024-04-16 19:41:45.675324', 1, '2024-09-22 17:02:39', 3, 'FOOT', 8, 'EXIT');
INSERT INTO accesses (created_date, created_user, last_updated_date, last_updated_user, action_date, plot_id, vehicle_type, auth_id, action) VALUES ('2024-01-27 18:24:46.668733', 1, '2024-01-18 10:41:34.964103', 4, '2024-07-28 19:55:05', 7, 'CAR', 3, 'ENTRY');
INSERT INTO accesses (created_date, created_user, last_updated_date, last_updated_user, action_date, plot_id, vehicle_type, auth_id, action) VALUES ('2024-09-24 05:18:55.169810', 3, '2024-08-02 17:44:12.918958', 5, '2024-01-27 05:47:05', 6, 'CAR', 2, 'ENTRY');
INSERT INTO accesses (created_date, created_user, last_updated_date, last_updated_user, action_date, plot_id, vehicle_type, auth_id, action) VALUES ('2024-10-30 05:44:03.431045', 3, '2024-09-19 11:21:34.057733', 4, '2024-08-19 02:59:49', 2, 'TRUCK', 3, 'ENTRY');
INSERT INTO accesses (created_date, created_user, last_updated_date, last_updated_user, action_date, plot_id, vehicle_type, auth_id, action) VALUES ('2024-07-27 07:29:57.009478', 2, '2024-05-03 19:11:24.663746', 5, '2024-08-10 10:14:20', 4, 'FOOT', 3, 'ENTRY');
INSERT INTO accesses (created_date, created_user, last_updated_date, last_updated_user, action_date, plot_id, vehicle_type, auth_id, action) VALUES ('2024-07-05 10:57:46.269291', 6, '2024-10-07 18:41:17.757758', 5, '2024-03-29 23:09:36', 8, 'FOOT', 7, 'ENTRY');
INSERT INTO accesses (created_date, created_user, last_updated_date, last_updated_user, action_date, plot_id, vehicle_type, auth_id, action) VALUES ('2024-06-15 05:47:11.602404', 6, '2024-09-14 01:03:53.481502', 5, '2024-09-29 17:07:39', 10, 'TRUCK', 7, 'ENTRY');
INSERT INTO accesses (created_date, created_user, last_updated_date, last_updated_user, action_date, plot_id, vehicle_type, auth_id, action) VALUES ('2024-09-15 01:18:41.570953', 3, '2024-03-11 20:19:26.294514', 3, '2024-03-31 20:48:16', 1, 'FOOT', 8, 'EXIT');
INSERT INTO accesses (created_date, created_user, last_updated_date, last_updated_user, action_date, plot_id, vehicle_type, auth_id, action) VALUES ('2024-10-15 13:24:55.400949', 5, '2024-10-25 01:00:17.618949', 5, '2024-04-30 16:50:13', 6, 'TRUCK', 8, 'ENTRY');
INSERT INTO accesses (created_date, created_user, last_updated_date, last_updated_user, action_date, plot_id, vehicle_type, auth_id, action) VALUES ('2024-04-22 13:11:50.439726', 5, '2024-06-28 21:21:29.221162', 4, '2024-04-05 02:22:30', 5, 'MOTORBIKE', 1, 'ENTRY');
INSERT INTO accesses (created_date, created_user, last_updated_date, last_updated_user, action_date, plot_id, vehicle_type, auth_id, action) VALUES ('2024-06-05 10:28:22.997160', 4, '2024-07-08 12:55:12.791237', 6, '2024-07-03 01:26:56', 4, 'CAR', 10, 'EXIT');
INSERT INTO accesses (created_date, created_user, last_updated_date, last_updated_user, action_date, plot_id, vehicle_type, auth_id, action) VALUES ('2024-02-10 14:50:00.556298', 3, '2024-03-07 05:15:32.457875', 4, '2024-05-06 07:34:44', 4, 'PICKUP', 6, 'EXIT');
INSERT INTO accesses (created_date, created_user, last_updated_date, last_updated_user, action_date, plot_id, vehicle_type, auth_id, action) VALUES ('2024-07-08 21:59:22.986154', 3, '2024-09-16 22:59:19.403098', 1, '2024-08-26 21:53:23', 5, 'PICKUP', 8, 'EXIT');
INSERT INTO accesses (created_date, created_user, last_updated_date, last_updated_user, action_date, plot_id, vehicle_type, auth_id, action) VALUES ('2024-01-05 08:19:59.824034', 5, '2024-10-25 16:31:35.908430', 3, '2024-09-07 16:08:32', 1, 'FOOT', 5, 'ENTRY');
INSERT INTO accesses (created_date, created_user, last_updated_date, last_updated_user, action_date, plot_id, vehicle_type, auth_id, action) VALUES ('2024-10-11 07:20:33.033612', 4, '2024-09-28 15:17:20.611915', 5, '2024-03-08 21:58:13', 3, 'MOTORBIKE', 10, 'ENTRY');
INSERT INTO accesses (created_date, created_user, last_updated_date, last_updated_user, action_date, plot_id, vehicle_type, auth_id, action) VALUES ('2024-10-09 03:10:24.990865', 2, '2024-02-09 06:24:56.100556', 1, '2024-01-23 14:59:09', 6, 'MOTORBIKE', 10, 'EXIT');
INSERT INTO accesses (created_date, created_user, last_updated_date, last_updated_user, action_date, plot_id, vehicle_type, auth_id, action) VALUES ('2024-01-18 19:28:07.903227', 4, '2024-01-15 04:05:58.153878', 4, '2024-02-09 16:22:21', 10, 'FOOT', 1, 'EXIT');
INSERT INTO accesses (created_date, created_user, last_updated_date, last_updated_user, action_date, plot_id, vehicle_type, auth_id, action) VALUES ('2024-06-24 13:34:42.176938', 3, '2024-01-04 20:35:30.116405', 5, '2024-07-06 13:54:34', 10, 'TRUCK', 10, 'EXIT');
INSERT INTO accesses (created_date, created_user, last_updated_date, last_updated_user, action_date, plot_id, vehicle_type, auth_id, action) VALUES ('2024-05-02 15:17:59.893857', 2, '2024-05-27 04:52:23.673114', 2, '2024-07-01 07:48:15', 10, 'TRUCK', 8, 'EXIT');
INSERT INTO accesses (created_date, created_user, last_updated_date, last_updated_user, action_date, plot_id, vehicle_type, auth_id, action) VALUES ('2024-04-06 11:18:47.729191', 6, '2024-06-26 19:14:43.503949', 2, '2024-01-24 09:01:48', 10, 'TRUCK', 10, 'ENTRY');
INSERT INTO accesses (created_date, created_user, last_updated_date, last_updated_user, action_date, plot_id, vehicle_type, auth_id, action) VALUES ('2024-03-18 01:47:07.728589', 2, '2024-10-17 19:17:51.225475', 6, '2024-07-31 17:30:49', 8, 'FOOT', 7, 'ENTRY');
INSERT INTO accesses (created_date, created_user, last_updated_date, last_updated_user, action_date, plot_id, vehicle_type, auth_id, action) VALUES ('2024-10-20 05:23:43.926905', 6, '2024-02-14 12:52:21.490829', 4, '2024-09-03 03:18:55', 7, 'FOOT', 7, 'ENTRY');
INSERT INTO accesses (created_date, created_user, last_updated_date, last_updated_user, action_date, plot_id, vehicle_type, auth_id, action) VALUES ('2024-01-06 10:39:06.339306', 1, '2024-09-26 07:22:05.510950', 2, '2024-06-20 04:37:16', 3, 'TRUCK', 7, 'ENTRY');
INSERT INTO accesses (created_date, created_user, last_updated_date, last_updated_user, action_date, plot_id, vehicle_type, auth_id, action) VALUES ('2024-06-16 04:51:39.255275', 2, '2024-10-20 11:46:51.669583', 6, '2024-10-08 09:14:36', 6, 'PICKUP', 3, 'EXIT');
INSERT INTO accesses (created_date, created_user, last_updated_date, last_updated_user, action_date, plot_id, vehicle_type, auth_id, action) VALUES ('2024-01-05 02:45:01.671809', 2, '2024-02-13 00:52:12.726218', 6, '2024-08-02 17:38:35', 2, 'CAR', 7, 'EXIT');
INSERT INTO accesses (created_date, created_user, last_updated_date, last_updated_user, action_date, plot_id, vehicle_type, auth_id, action) VALUES ('2024-08-03 02:22:20.060459', 3, '2024-09-08 03:53:41.951190', 4, '2024-08-02 11:24:35', 6, 'PICKUP', 2, 'EXIT');
INSERT INTO accesses (created_date, created_user, last_updated_date, last_updated_user, action_date, plot_id, vehicle_type, auth_id, action) VALUES ('2024-03-07 08:51:41.725031', 4, '2024-01-15 01:21:36.268463', 5, '2024-07-19 01:22:09', 1, 'TRUCK', 6, 'ENTRY');
INSERT INTO accesses (created_date, created_user, last_updated_date, last_updated_user, action_date, plot_id, vehicle_type, auth_id, action) VALUES ('2024-08-23 08:56:01.556448', 4, '2024-02-29 19:18:20.839743', 4, '2024-10-19 07:14:39', 5, 'CAR', 2, 'EXIT');
INSERT INTO accesses (created_date, created_user, last_updated_date, last_updated_user, action_date, plot_id, vehicle_type, auth_id, action) VALUES ('2024-04-17 12:25:52.490219', 2, '2024-06-10 04:29:39.307162', 4, '2024-04-24 10:57:12', 4, 'FOOT', 5, 'EXIT');
INSERT INTO accesses (created_date, created_user, last_updated_date, last_updated_user, action_date, plot_id, vehicle_type, auth_id, action) VALUES ('2024-05-02 22:13:52.083529', 3, '2024-10-17 22:33:57.652575', 4, '2024-08-12 21:46:47', 9, 'FOOT', 2, 'EXIT');
INSERT INTO accesses (created_date, created_user, last_updated_date, last_updated_user, action_date, plot_id, vehicle_type, auth_id, action) VALUES ('2024-06-23 17:55:48.855437', 6, '2024-01-18 23:33:58.430291', 3, '2024-01-28 17:25:28', 4, 'TRUCK', 8, 'EXIT');
INSERT INTO accesses (created_date, created_user, last_updated_date, last_updated_user, action_date, plot_id, vehicle_type, auth_id, action) VALUES ('2024-02-19 22:30:20.539534', 6, '2024-10-03 20:54:53.242733', 6, '2024-09-16 04:31:43', 1, 'TRUCK', 7, 'ENTRY');
INSERT INTO accesses (created_date, created_user, last_updated_date, last_updated_user, action_date, plot_id, vehicle_type, auth_id, action) VALUES ('2024-09-05 12:58:54.094193', 3, '2024-05-08 15:42:49.045812', 5, '2024-08-30 11:47:05', 2, 'TRUCK', 8, 'ENTRY');
INSERT INTO accesses (created_date, created_user, last_updated_date, last_updated_user, action_date, plot_id, vehicle_type, auth_id, action) VALUES ('2024-10-28 11:43:26.619889', 4, '2024-02-19 06:07:50.241911', 2, '2024-09-09 12:48:30', 10, 'PICKUP', 7, 'ENTRY');
INSERT INTO accesses (created_date, created_user, last_updated_date, last_updated_user, action_date, plot_id, vehicle_type, auth_id, action) VALUES ('2024-09-27 15:17:47.837289', 6, '2024-02-06 21:14:46.339165', 5, '2024-09-19 04:09:33', 5, 'FOOT', 1, 'EXIT');
INSERT INTO accesses (created_date, created_user, last_updated_date, last_updated_user, action_date, plot_id, vehicle_type, auth_id, action) VALUES ('2024-10-01 00:12:20.181554', 2, '2024-09-03 01:04:13.232378', 1, '2024-01-26 10:55:42', 10, 'PICKUP', 10, 'EXIT');
INSERT INTO accesses (created_date, created_user, last_updated_date, last_updated_user, action_date, plot_id, vehicle_type, auth_id, action) VALUES ('2024-06-09 23:23:14.954041', 2, '2024-08-19 07:28:09.972694', 3, '2024-08-31 07:51:13', 8, 'CAR', 9, 'ENTRY');
INSERT INTO accesses (created_date, created_user, last_updated_date, last_updated_user, action_date, plot_id, vehicle_type, auth_id, action) VALUES ('2024-10-04 19:49:58.608633', 2, '2024-05-25 04:41:03.380274', 3, '2024-01-10 08:28:01', 7, 'TRUCK', 9, 'EXIT');
INSERT INTO accesses (created_date, created_user, last_updated_date, last_updated_user, action_date, plot_id, vehicle_type, auth_id, action) VALUES ('2024-05-27 09:32:47.888996', 3, '2024-02-13 10:26:18.377322', 4, '2024-10-26 14:21:20', 7, 'TRUCK', 9, 'EXIT');
INSERT INTO accesses (created_date, created_user, last_updated_date, last_updated_user, action_date, plot_id, vehicle_type, auth_id, action) VALUES ('2024-05-24 12:44:30.777495', 5, '2024-05-08 11:00:31.248672', 4, '2024-09-03 20:31:16', 7, 'CAR', 3, 'EXIT');
INSERT INTO accesses (created_date, created_user, last_updated_date, last_updated_user, action_date, plot_id, vehicle_type, auth_id, action) VALUES ('2024-04-26 04:40:17.751898', 3, '2024-07-16 11:53:37.934427', 5, '2024-06-18 11:47:46', 1, 'FOOT', 6, 'ENTRY');
INSERT INTO accesses (created_date, created_user, last_updated_date, last_updated_user, action_date, plot_id, vehicle_type, auth_id, action) VALUES ('2024-05-17 04:45:06.125369', 4, '2024-09-15 04:30:08.216613', 6, '2024-07-01 19:16:45', 3, 'PICKUP', 2, 'ENTRY');
INSERT INTO accesses (created_date, created_user, last_updated_date, last_updated_user, action_date, plot_id, vehicle_type, auth_id, action) VALUES ('2024-07-31 09:31:40.086556', 5, '2024-02-17 07:59:56.435977', 2, '2024-09-13 01:37:12', 7, 'FOOT', 3, 'EXIT');
INSERT INTO accesses (created_date, created_user, last_updated_date, last_updated_user, action_date, plot_id, vehicle_type, auth_id, action) VALUES ('2024-06-22 21:40:04.195458', 5, '2024-06-26 06:20:52.419032', 2, '2024-05-14 17:39:02', 1, 'CAR', 2, 'EXIT');
INSERT INTO accesses (created_date, created_user, last_updated_date, last_updated_user, action_date, plot_id, vehicle_type, auth_id, action) VALUES ('2024-04-13 07:14:13.068879', 1, '2024-04-03 22:53:05.815357', 5, '2024-09-09 02:56:22', 1, 'TRUCK', 5, 'EXIT');
INSERT INTO accesses (created_date, created_user, last_updated_date, last_updated_user, action_date, plot_id, vehicle_type, auth_id, action) VALUES ('2024-08-31 19:03:14.067301', 1, '2024-08-10 17:37:09.763270', 4, '2024-10-10 23:56:31', 1, 'TRUCK', 4, 'ENTRY');
INSERT INTO accesses (created_date, created_user, last_updated_date, last_updated_user, action_date, plot_id, vehicle_type, auth_id, action) VALUES ('2024-06-23 17:57:04.339866', 1, '2024-08-05 11:58:36.550349', 6, '2024-08-05 19:07:41', 8, 'TRUCK', 1, 'ENTRY');
INSERT INTO accesses (created_date, created_user, last_updated_date, last_updated_user, action_date, plot_id, vehicle_type, auth_id, action) VALUES ('2024-01-25 16:13:43.320990', 2, '2024-03-20 23:24:22.280696', 2, '2024-02-29 06:50:42', 3, 'TRUCK', 7, 'EXIT');
INSERT INTO accesses (created_date, created_user, last_updated_date, last_updated_user, action_date, plot_id, vehicle_type, auth_id, action) VALUES ('2024-01-17 19:48:35.108775', 6, '2024-05-17 03:23:35.135883', 4, '2024-05-23 05:50:06', 4, 'TRUCK', 2, 'EXIT');
INSERT INTO accesses (created_date, created_user, last_updated_date, last_updated_user, action_date, plot_id, vehicle_type, auth_id, action) VALUES ('2024-03-04 22:28:39.198256', 5, '2024-08-10 23:12:22.535354', 6, '2024-07-12 00:41:01', 1, 'TRUCK', 6, 'EXIT');
INSERT INTO accesses (created_date, created_user, last_updated_date, last_updated_user, action_date, plot_id, vehicle_type, auth_id, action) VALUES ('2024-03-19 18:29:31.843611', 3, '2024-10-14 20:14:32.773699', 1, '2024-03-12 11:59:59', 10, 'MOTORBIKE', 4, 'ENTRY');
INSERT INTO accesses (created_date, created_user, last_updated_date, last_updated_user, action_date, plot_id, vehicle_type, auth_id, action) VALUES ('2024-06-14 20:22:47.535430', 1, '2024-03-11 09:52:14.881184', 1, '2024-05-06 02:56:55', 4, 'CAR', 7, 'EXIT');
INSERT INTO accesses (created_date, created_user, last_updated_date, last_updated_user, action_date, plot_id, vehicle_type, auth_id, action) VALUES ('2024-01-22 22:36:21.471443', 5, '2024-03-22 05:27:19.138842', 4, '2024-08-27 10:04:36', 2, 'FOOT', 6, 'ENTRY');
INSERT INTO accesses (created_date, created_user, last_updated_date, last_updated_user, action_date, plot_id, vehicle_type, auth_id, action) VALUES ('2024-03-04 09:56:51.575245', 2, '2024-04-13 03:15:41.784306', 2, '2024-02-17 09:23:14', 6, 'TRUCK', 9, 'EXIT');
INSERT INTO accesses (created_date, created_user, last_updated_date, last_updated_user, action_date, plot_id, vehicle_type, auth_id, action) VALUES ('2024-04-21 11:08:18.199789', 1, '2024-03-25 14:13:50.745679', 6, '2024-03-08 12:52:36', 2, 'FOOT', 6, 'EXIT');
INSERT INTO accesses (created_date, created_user, last_updated_date, last_updated_user, action_date, plot_id, vehicle_type, auth_id, action) VALUES ('2024-02-06 18:43:56.553001', 4, '2024-01-13 19:17:52.266051', 2, '2024-10-26 07:00:43', 10, 'PICKUP', 2, 'ENTRY');
INSERT INTO accesses (created_date, created_user, last_updated_date, last_updated_user, action_date, plot_id, vehicle_type, auth_id, action) VALUES ('2024-07-18 23:25:19.577268', 6, '2024-08-31 16:15:24.781349', 6, '2024-01-14 22:11:07', 10, 'FOOT', 1, 'ENTRY');
INSERT INTO accesses (created_date, created_user, last_updated_date, last_updated_user, action_date, plot_id, vehicle_type, auth_id, action) VALUES ('2024-05-17 20:18:04.997858', 6, '2024-01-07 15:57:07.595549', 1, '2024-05-26 10:25:07', 8, 'FOOT', 1, 'ENTRY');
INSERT INTO accesses (created_date, created_user, last_updated_date, last_updated_user, action_date, plot_id, vehicle_type, auth_id, action) VALUES ('2024-05-26 11:09:42.959875', 2, '2024-04-25 04:25:23.951364', 5, '2024-03-07 08:13:10', 6, 'TRUCK', 1, 'ENTRY');
INSERT INTO accesses (created_date, created_user, last_updated_date, last_updated_user, action_date, plot_id, vehicle_type, auth_id, action) VALUES ('2024-06-11 11:37:09.405280', 1, '2024-02-29 09:08:09.076052', 5, '2024-10-04 13:23:57', 7, 'PICKUP', 1, 'EXIT');
INSERT INTO accesses (created_date, created_user, last_updated_date, last_updated_user, action_date, plot_id, vehicle_type, auth_id, action) VALUES ('2024-08-10 11:56:52.486247', 6, '2024-01-29 14:28:58.935597', 1, '2024-03-13 04:31:54', 10, 'PICKUP', 9, 'EXIT');
INSERT INTO accesses (created_date, created_user, last_updated_date, last_updated_user, action_date, plot_id, vehicle_type, auth_id, action) VALUES ('2024-07-04 21:35:27.942389', 3, '2024-11-02 06:15:42.489828', 3, '2024-08-11 12:36:26', 2, 'CAR', 7, 'EXIT');
INSERT INTO accesses (created_date, created_user, last_updated_date, last_updated_user, action_date, plot_id, vehicle_type, auth_id, action) VALUES ('2024-08-23 07:31:56.426758', 5, '2024-01-10 04:14:43.913116', 6, '2024-01-24 12:24:51', 2, 'TRUCK', 8, 'ENTRY');
INSERT INTO accesses (created_date, created_user, last_updated_date, last_updated_user, action_date, plot_id, vehicle_type, auth_id, action) VALUES ('2024-04-10 07:28:52.374591', 5, '2024-09-09 16:35:19.971887', 6, '2024-08-19 00:15:14', 7, 'PICKUP', 8, 'ENTRY');
INSERT INTO accesses (created_date, created_user, last_updated_date, last_updated_user, action_date, plot_id, vehicle_type, auth_id, action) VALUES ('2024-02-03 18:35:39.761387', 3, '2024-10-03 10:23:51.853605', 3, '2024-02-01 20:27:56', 4, 'TRUCK', 4, 'ENTRY');
INSERT INTO accesses (created_date, created_user, last_updated_date, last_updated_user, action_date, plot_id, vehicle_type, auth_id, action) VALUES ('2024-03-11 18:35:04.731573', 6, '2024-08-25 21:02:14.837669', 6, '2024-04-18 23:02:14', 10, 'FOOT', 4, 'ENTRY');
INSERT INTO accesses (created_date, created_user, last_updated_date, last_updated_user, action_date, plot_id, vehicle_type, auth_id, action) VALUES ('2024-05-25 09:17:57.614760', 3, '2024-06-27 13:48:09.173195', 1, '2024-09-12 12:47:23', 10, 'MOTORBIKE', 8, 'EXIT');
INSERT INTO accesses (created_date, created_user, last_updated_date, last_updated_user, action_date, plot_id, vehicle_type, auth_id, action) VALUES ('2024-06-15 08:39:06.256348', 3, '2024-02-27 18:54:28.991204', 5, '2024-01-12 21:25:37', 6, 'TRUCK', 3, 'EXIT');
INSERT INTO accesses (created_date, created_user, last_updated_date, last_updated_user, action_date, plot_id, vehicle_type, auth_id, action) VALUES ('2024-06-17 09:17:57.644419', 1, '2024-03-22 08:16:38.752042', 5, '2024-07-28 02:25:40', 7, 'TRUCK', 9, 'EXIT');
INSERT INTO accesses (created_date, created_user, last_updated_date, last_updated_user, action_date, plot_id, vehicle_type, auth_id, action) VALUES ('2024-03-24 15:38:59.881590', 4, '2024-05-15 01:08:45.309994', 6, '2024-09-22 21:02:42', 4, 'TRUCK', 6, 'EXIT');
INSERT INTO accesses (created_date, created_user, last_updated_date, last_updated_user, action_date, plot_id, vehicle_type, auth_id, action) VALUES ('2024-06-27 05:23:38.697874', 2, '2024-07-23 17:22:44.812460', 5, '2024-09-21 19:43:00', 7, 'FOOT', 4, 'EXIT');
INSERT INTO accesses (created_date, created_user, last_updated_date, last_updated_user, action_date, plot_id, vehicle_type, auth_id, action) VALUES ('2024-02-12 16:42:28.749760', 6, '2024-04-07 07:32:42.041467', 4, '2024-07-07 12:52:16', 2, 'CAR', 3, 'ENTRY');
INSERT INTO accesses (created_date, created_user, last_updated_date, last_updated_user, action_date, plot_id, vehicle_type, auth_id, action) VALUES ('2024-08-21 15:54:11.302064', 5, '2024-10-13 18:44:48.672210', 3, '2024-01-17 17:52:47', 3, 'CAR', 2, 'ENTRY');
INSERT INTO accesses (created_date, created_user, last_updated_date, last_updated_user, action_date, plot_id, vehicle_type, auth_id, action) VALUES ('2024-04-24 13:08:59.864799', 2, '2024-06-14 04:10:57.028004', 3, '2024-07-08 06:52:00', 7, 'CAR', 5, 'EXIT');
INSERT INTO accesses (created_date, created_user, last_updated_date, last_updated_user, action_date, plot_id, vehicle_type, auth_id, action) VALUES ('2024-08-25 13:56:00.753137', 2, '2024-01-31 14:24:31.038689', 3, '2024-06-23 15:32:37', 8, 'FOOT', 3, 'ENTRY');
INSERT INTO accesses (created_date, created_user, last_updated_date, last_updated_user, action_date, plot_id, vehicle_type, auth_id, action) VALUES ('2024-01-16 03:49:08.874579', 4, '2024-07-04 13:45:30.654456', 6, '2024-03-09 15:21:47', 6, 'TRUCK', 3, 'EXIT');
INSERT INTO accesses (created_date, created_user, last_updated_date, last_updated_user, action_date, plot_id, vehicle_type, auth_id, action) VALUES ('2024-05-05 03:44:24.597406', 5, '2024-02-05 10:01:54.442627', 3, '2024-07-24 07:10:50', 2, 'PICKUP', 3, 'ENTRY');
INSERT INTO accesses (created_date, created_user, last_updated_date, last_updated_user, action_date, plot_id, vehicle_type, auth_id, action) VALUES ('2024-04-29 13:59:07.709818', 3, '2024-06-28 15:17:57.254211', 3, '2024-08-09 10:25:14', 3, 'PICKUP', 6, 'ENTRY');
INSERT INTO accesses (created_date, created_user, last_updated_date, last_updated_user, action_date, plot_id, vehicle_type, auth_id, action) VALUES ('2024-03-15 02:12:59.326698', 1, '2024-10-20 08:28:37.431956', 2, '2024-10-19 19:04:29', 4, 'TRUCK', 4, 'EXIT');
INSERT INTO accesses (created_date, created_user, last_updated_date, last_updated_user, action_date, plot_id, vehicle_type, auth_id, action) VALUES ('2024-08-31 23:59:09.471597', 1, '2024-06-07 09:33:20.122294', 1, '2024-02-26 10:25:28', 2, 'MOTORBIKE', 10, 'ENTRY');
INSERT INTO accesses (created_date, created_user, last_updated_date, last_updated_user, action_date, plot_id, vehicle_type, auth_id, action) VALUES ('2024-05-24 13:31:56.479344', 2, '2024-01-01 12:22:50.572858', 3, '2024-08-16 12:21:09', 8, 'TRUCK', 1, 'ENTRY');
INSERT INTO accesses (created_date, created_user, last_updated_date, last_updated_user, action_date, plot_id, vehicle_type, auth_id, action) VALUES ('2024-06-18 23:19:21.757159', 4, '2024-10-23 03:41:58.679101', 1, '2024-05-09 12:38:59', 9, 'MOTORBIKE', 1, 'EXIT');
INSERT INTO accesses (created_date, created_user, last_updated_date, last_updated_user, action_date, plot_id, vehicle_type, auth_id, action) VALUES ('2024-04-20 17:08:40.231787', 6, '2024-07-30 17:51:32.927063', 4, '2024-01-01 19:25:55', 7, 'MOTORBIKE', 6, 'EXIT');
INSERT INTO accesses (created_date, created_user, last_updated_date, last_updated_user, action_date, plot_id, vehicle_type, auth_id, action) VALUES ('2024-05-10 22:20:33.354814', 1, '2024-09-28 10:26:07.851727', 5, '2024-06-13 07:54:43', 10, 'TRUCK', 10, 'ENTRY');
INSERT INTO accesses (created_date, created_user, last_updated_date, last_updated_user, action_date, plot_id, vehicle_type, auth_id, action) VALUES ('2024-02-23 15:21:22.673420', 2, '2024-08-06 21:22:00.837267', 4, '2024-05-31 11:52:35', 8, 'MOTORBIKE', 7, 'ENTRY');
INSERT INTO accesses (created_date, created_user, last_updated_date, last_updated_user, action_date, plot_id, vehicle_type, auth_id, action) VALUES ('2024-05-31 10:19:15.643288', 3, '2024-08-02 18:42:42.881384', 5, '2024-07-09 23:24:12', 9, 'CAR', 6, 'ENTRY');
INSERT INTO accesses (created_date, created_user, last_updated_date, last_updated_user, action_date, plot_id, vehicle_type, auth_id, action) VALUES ('2024-04-11 09:46:24.850779', 1, '2024-04-19 05:51:58.050254', 5, '2024-08-07 07:03:16', 7, 'FOOT', 3, 'EXIT');
INSERT INTO accesses (created_date, created_user, last_updated_date, last_updated_user, action_date, plot_id, vehicle_type, auth_id, action) VALUES ('2024-10-11 21:32:17.636506', 4, '2024-05-09 20:24:09.047773', 3, '2024-03-06 14:44:14', 1, 'MOTORBIKE', 5, 'EXIT');
INSERT INTO accesses (created_date, created_user, last_updated_date, last_updated_user, action_date, plot_id, vehicle_type, auth_id, action) VALUES ('2024-09-07 03:13:59.474282', 1, '2024-02-18 07:27:38.627599', 6, '2024-07-28 10:57:23', 8, 'TRUCK', 8, 'EXIT');
INSERT INTO accesses (created_date, created_user, last_updated_date, last_updated_user, action_date, plot_id, vehicle_type, auth_id, action) VALUES ('2024-08-13 03:07:54.153053', 6, '2024-05-20 00:18:19.454185', 1, '2024-08-19 10:22:05', 6, 'CAR', 5, 'ENTRY');
INSERT INTO accesses (created_date, created_user, last_updated_date, last_updated_user, action_date, plot_id, vehicle_type, auth_id, action) VALUES ('2024-05-16 20:32:59.515446', 3, '2024-05-30 07:14:21.847676', 1, '2024-06-02 13:37:06', 5, 'FOOT', 10, 'ENTRY');
INSERT INTO accesses (created_date, created_user, last_updated_date, last_updated_user, action_date, plot_id, vehicle_type, auth_id, action) VALUES ('2024-06-10 02:55:02.880107', 2, '2024-10-21 00:43:45.471192', 5, '2024-05-15 21:44:40', 1, 'MOTORBIKE', 6, 'ENTRY');
INSERT INTO accesses (created_date, created_user, last_updated_date, last_updated_user, action_date, plot_id, vehicle_type, auth_id, action) VALUES ('2024-09-17 04:40:40.590556', 2, '2024-02-16 22:22:58.860572', 3, '2024-10-02 03:22:41', 7, 'MOTORBIKE', 6, 'EXIT');
INSERT INTO accesses (created_date, created_user, last_updated_date, last_updated_user, action_date, plot_id, vehicle_type, auth_id, action) VALUES ('2024-10-18 12:22:12.143068', 4, '2024-05-12 10:35:17.233099', 1, '2024-07-28 07:08:45', 4, 'FOOT', 1, 'ENTRY');
INSERT INTO accesses (created_date, created_user, last_updated_date, last_updated_user, action_date, plot_id, vehicle_type, auth_id, action) VALUES ('2024-07-29 16:44:31.090938', 6, '2024-08-18 18:01:10.048448', 3, '2024-01-01 11:11:38', 4, 'FOOT', 6, 'ENTRY');
INSERT INTO accesses (created_date, created_user, last_updated_date, last_updated_user, action_date, plot_id, vehicle_type, auth_id, action) VALUES ('2024-03-27 04:13:35.925376', 5, '2024-09-23 22:28:49.491216', 1, '2024-06-11 18:26:44', 1, 'MOTORBIKE', 2, 'EXIT');
INSERT INTO accesses (created_date, created_user, last_updated_date, last_updated_user, action_date, plot_id, vehicle_type, auth_id, action) VALUES ('2024-07-24 09:47:59.967082', 2, '2024-07-13 01:19:32.462739', 1, '2024-09-05 20:47:12', 8, 'TRUCK', 10, 'EXIT');
INSERT INTO accesses (created_date, created_user, last_updated_date, last_updated_user, action_date, plot_id, vehicle_type, auth_id, action) VALUES ('2024-02-24 01:37:46.287770', 1, '2024-11-03 02:32:20.411822', 5, '2024-04-29 01:24:05', 2, 'TRUCK', 6, 'ENTRY');
INSERT INTO accesses (created_date, created_user, last_updated_date, last_updated_user, action_date, plot_id, vehicle_type, auth_id, action) VALUES ('2024-04-15 10:00:18.580026', 3, '2024-09-26 19:30:44.036988', 6, '2024-05-10 20:50:25', 9, 'MOTORBIKE', 4, 'EXIT');
INSERT INTO accesses (created_date, created_user, last_updated_date, last_updated_user, action_date, plot_id, vehicle_type, auth_id, action) VALUES ('2024-09-21 13:37:00.625049', 4, '2024-08-16 13:22:27.127316', 4, '2024-04-25 11:24:19', 8, 'TRUCK', 4, 'EXIT');
INSERT INTO accesses (created_date, created_user, last_updated_date, last_updated_user, action_date, plot_id, vehicle_type, auth_id, action) VALUES ('2024-04-07 20:47:23.947497', 4, '2024-04-20 07:55:46.723834', 2, '2024-06-05 06:44:12', 5, 'CAR', 10, 'ENTRY');
INSERT INTO accesses (created_date, created_user, last_updated_date, last_updated_user, action_date, plot_id, vehicle_type, auth_id, action) VALUES ('2024-08-06 03:32:33.758478', 2, '2024-10-04 02:22:25.770923', 4, '2024-07-17 00:21:20', 6, 'MOTORBIKE', 5, 'EXIT');
INSERT INTO accesses (created_date, created_user, last_updated_date, last_updated_user, action_date, plot_id, vehicle_type, auth_id, action) VALUES ('2024-09-11 10:40:06.071050', 5, '2024-07-18 05:54:00.627069', 4, '2024-08-31 17:13:43', 7, 'FOOT', 4, 'ENTRY');
INSERT INTO accesses (created_date, created_user, last_updated_date, last_updated_user, action_date, plot_id, vehicle_type, auth_id, action) VALUES ('2024-08-30 00:59:48.443381', 1, '2024-09-14 11:31:29.416117', 2, '2024-01-01 01:24:17', 9, 'CAR', 6, 'EXIT');
INSERT INTO accesses (created_date, created_user, last_updated_date, last_updated_user, action_date, plot_id, vehicle_type, auth_id, action) VALUES ('2024-01-25 08:20:04.670055', 5, '2024-08-29 12:52:40.001072', 3, '2024-05-16 06:13:26', 9, 'CAR', 6, 'ENTRY');
INSERT INTO accesses (created_date, created_user, last_updated_date, last_updated_user, action_date, plot_id, vehicle_type, auth_id, action) VALUES ('2024-02-29 03:20:02.059524', 6, '2024-09-26 01:15:01.050306', 6, '2024-09-15 07:09:33', 5, 'FOOT', 6, 'ENTRY');
INSERT INTO accesses (created_date, created_user, last_updated_date, last_updated_user, action_date, plot_id, vehicle_type, auth_id, action) VALUES ('2024-03-24 06:46:46.788500', 2, '2024-04-09 05:36:28.578234', 5, '2024-10-03 04:03:42', 2, 'FOOT', 9, 'EXIT');
INSERT INTO accesses (created_date, created_user, last_updated_date, last_updated_user, action_date, plot_id, vehicle_type, auth_id, action) VALUES ('2024-05-17 03:06:34.709109', 1, '2024-01-14 23:40:43.969716', 6, '2024-01-30 11:08:31', 6, 'PICKUP', 3, 'ENTRY');
INSERT INTO accesses (created_date, created_user, last_updated_date, last_updated_user, action_date, plot_id, vehicle_type, auth_id, action) VALUES ('2024-02-13 05:07:38.642373', 2, '2024-03-25 00:20:04.587677', 1, '2024-04-27 23:33:35', 3, 'FOOT', 3, 'ENTRY');
INSERT INTO accesses (created_date, created_user, last_updated_date, last_updated_user, action_date, plot_id, vehicle_type, auth_id, action) VALUES ('2024-06-05 13:32:51.343299', 4, '2024-02-26 16:48:37.065651', 2, '2024-08-02 15:02:29', 4, 'FOOT', 7, 'ENTRY');
INSERT INTO accesses (created_date, created_user, last_updated_date, last_updated_user, action_date, plot_id, vehicle_type, auth_id, action) VALUES ('2024-11-03 17:28:25.442066', 4, '2024-02-26 00:36:42.004953', 1, '2024-08-16 14:03:00', 9, 'CAR', 6, 'ENTRY');
INSERT INTO accesses (created_date, created_user, last_updated_date, last_updated_user, action_date, plot_id, vehicle_type, auth_id, action) VALUES ('2024-06-28 15:53:19.366443', 5, '2024-10-24 19:27:26.715616', 1, '2024-07-12 13:32:35', 10, 'TRUCK', 4, 'ENTRY');
INSERT INTO accesses (created_date, created_user, last_updated_date, last_updated_user, action_date, plot_id, vehicle_type, auth_id, action) VALUES ('2024-02-12 21:00:38.789493', 2, '2024-03-09 09:33:00.084845', 5, '2024-09-28 04:06:29', 8, 'PICKUP', 1, 'ENTRY');
INSERT INTO accesses (created_date, created_user, last_updated_date, last_updated_user, action_date, plot_id, vehicle_type, auth_id, action) VALUES ('2024-09-29 00:43:25.663216', 5, '2024-06-12 16:24:46.553869', 1, '2024-01-25 07:02:30', 4, 'PICKUP', 2, 'EXIT');
INSERT INTO accesses (created_date, created_user, last_updated_date, last_updated_user, action_date, plot_id, vehicle_type, auth_id, action) VALUES ('2024-08-26 02:39:06.530327', 5, '2024-05-15 00:17:37.396393', 5, '2024-04-18 08:21:53', 9, 'FOOT', 1, 'EXIT');
INSERT INTO accesses (created_date, created_user, last_updated_date, last_updated_user, action_date, plot_id, vehicle_type, auth_id, action) VALUES ('2024-02-03 03:35:34.690756', 1, '2024-08-05 12:40:42.648030', 4, '2024-01-16 01:29:35', 6, 'CAR', 1, 'ENTRY');
INSERT INTO accesses (created_date, created_user, last_updated_date, last_updated_user, action_date, plot_id, vehicle_type, auth_id, action) VALUES ('2024-10-18 20:22:26.093939', 4, '2024-03-24 21:14:42.416823', 5, '2024-06-05 22:44:50', 4, 'FOOT', 2, 'ENTRY');
INSERT INTO accesses (created_date, created_user, last_updated_date, last_updated_user, action_date, plot_id, vehicle_type, auth_id, action) VALUES ('2024-10-16 21:32:16.898519', 1, '2024-02-02 15:12:49.175982', 3, '2024-05-02 18:10:39', 10, 'MOTORBIKE', 6, 'EXIT');
INSERT INTO accesses (created_date, created_user, last_updated_date, last_updated_user, action_date, plot_id, vehicle_type, auth_id, action) VALUES ('2024-02-10 22:01:10.412603', 4, '2024-07-17 04:38:50.498445', 5, '2024-02-11 10:40:13', 8, 'FOOT', 2, 'ENTRY');
INSERT INTO accesses (created_date, created_user, last_updated_date, last_updated_user, action_date, plot_id, vehicle_type, auth_id, action) VALUES ('2024-03-18 09:31:47.788972', 5, '2024-09-27 06:09:30.951206', 2, '2024-09-18 08:43:53', 9, 'TRUCK', 9, 'EXIT');
INSERT INTO accesses (created_date, created_user, last_updated_date, last_updated_user, action_date, plot_id, vehicle_type, auth_id, action) VALUES ('2024-04-21 05:38:43.649415', 6, '2024-05-17 13:29:22.823495', 6, '2024-02-11 09:56:34', 10, 'PICKUP', 10, 'EXIT');
INSERT INTO accesses (created_date, created_user, last_updated_date, last_updated_user, action_date, plot_id, vehicle_type, auth_id, action) VALUES ('2024-04-28 22:15:25.207106', 6, '2024-02-25 19:06:07.044121', 1, '2024-02-27 21:49:12', 6, 'CAR', 1, 'ENTRY');
INSERT INTO accesses (created_date, created_user, last_updated_date, last_updated_user, action_date, plot_id, vehicle_type, auth_id, action) VALUES ('2024-09-14 21:12:45.249440', 5, '2024-06-29 15:30:43.553034', 1, '2024-07-14 09:49:37', 4, 'FOOT', 5, 'EXIT');
INSERT INTO accesses (created_date, created_user, last_updated_date, last_updated_user, action_date, plot_id, vehicle_type, auth_id, action) VALUES ('2024-02-07 19:56:38.159755', 3, '2024-07-05 05:44:21.685613', 1, '2024-11-03 03:58:13', 2, 'FOOT', 6, 'ENTRY');
INSERT INTO accesses (created_date, created_user, last_updated_date, last_updated_user, action_date, plot_id, vehicle_type, auth_id, action) VALUES ('2024-07-29 22:29:33.810832', 5, '2024-01-26 04:23:27.650213', 5, '2024-03-04 02:29:21', 8, 'TRUCK', 4, 'ENTRY');
INSERT INTO accesses (created_date, created_user, last_updated_date, last_updated_user, action_date, plot_id, vehicle_type, auth_id, action) VALUES ('2024-07-01 04:26:00.648196', 5, '2024-01-31 16:54:37.812817', 4, '2024-02-15 10:35:27', 4, 'FOOT', 2, 'ENTRY');
INSERT INTO accesses (created_date, created_user, last_updated_date, last_updated_user, action_date, plot_id, vehicle_type, auth_id, action) VALUES ('2024-07-11 11:32:53.663657', 6, '2024-06-17 14:52:27.406324', 2, '2024-07-27 09:08:41', 2, 'TRUCK', 9, 'EXIT');
INSERT INTO accesses (created_date, created_user, last_updated_date, last_updated_user, action_date, plot_id, vehicle_type, auth_id, action) VALUES ('2024-03-22 10:12:20.422719', 1, '2024-04-23 00:30:41.644996', 2, '2024-06-04 18:38:42', 7, 'FOOT', 2, 'ENTRY');
INSERT INTO accesses (created_date, created_user, last_updated_date, last_updated_user, action_date, plot_id, vehicle_type, auth_id, action) VALUES ('2024-08-29 01:21:12.803732', 5, '2024-01-18 23:30:44.568412', 2, '2024-06-01 20:15:32', 10, 'TRUCK', 1, 'EXIT');
INSERT INTO accesses (created_date, created_user, last_updated_date, last_updated_user, action_date, plot_id, vehicle_type, auth_id, action) VALUES ('2024-08-12 18:45:00.739994', 5, '2024-05-28 02:07:36.257718', 5, '2024-04-10 06:31:02', 10, 'TRUCK', 6, 'ENTRY');
INSERT INTO accesses (created_date, created_user, last_updated_date, last_updated_user, action_date, plot_id, vehicle_type, auth_id, action) VALUES ('2024-03-06 17:49:01.221994', 1, '2024-01-17 20:28:05.445829', 5, '2024-09-03 17:15:37', 1, 'FOOT', 6, 'ENTRY');
INSERT INTO accesses (created_date, created_user, last_updated_date, last_updated_user, action_date, plot_id, vehicle_type, auth_id, action) VALUES ('2024-08-08 23:15:17.421165', 5, '2024-07-25 09:08:31.537549', 6, '2024-01-13 09:14:51', 7, 'MOTORBIKE', 8, 'ENTRY');
INSERT INTO accesses (created_date, created_user, last_updated_date, last_updated_user, action_date, plot_id, vehicle_type, auth_id, action) VALUES ('2024-04-20 06:21:45.543945', 4, '2024-09-27 02:47:12.312074', 4, '2024-03-17 04:56:10', 4, 'CAR', 10, 'ENTRY');
INSERT INTO accesses (created_date, created_user, last_updated_date, last_updated_user, action_date, plot_id, vehicle_type, auth_id, action) VALUES ('2024-04-06 11:34:56.957921', 6, '2024-02-11 15:50:02.572326', 1, '2024-08-31 01:43:23', 7, 'MOTORBIKE', 5, 'ENTRY');
INSERT INTO accesses (created_date, created_user, last_updated_date, last_updated_user, action_date, plot_id, vehicle_type, auth_id, action) VALUES ('2024-07-25 10:56:39.166917', 5, '2024-01-14 12:15:03.334834', 4, '2024-01-13 22:53:16', 5, 'CAR', 4, 'ENTRY');
INSERT INTO accesses (created_date, created_user, last_updated_date, last_updated_user, action_date, plot_id, vehicle_type, auth_id, action) VALUES ('2024-07-10 13:48:27.677322', 6, '2024-06-16 17:57:42.523210', 5, '2024-03-31 06:15:04', 2, 'PICKUP', 4, 'ENTRY');
INSERT INTO accesses (created_date, created_user, last_updated_date, last_updated_user, action_date, plot_id, vehicle_type, auth_id, action) VALUES ('2024-06-10 00:19:12.301624', 1, '2024-01-08 10:19:33.957892', 3, '2024-08-16 02:53:29', 3, 'CAR', 1, 'EXIT');
INSERT INTO accesses (created_date, created_user, last_updated_date, last_updated_user, action_date, plot_id, vehicle_type, auth_id, action) VALUES ('2024-08-21 08:17:02.109814', 5, '2024-05-20 10:22:44.752776', 4, '2024-10-30 18:09:02', 5, 'FOOT', 9, 'ENTRY');
INSERT INTO accesses (created_date, created_user, last_updated_date, last_updated_user, action_date, plot_id, vehicle_type, auth_id, action) VALUES ('2024-07-09 19:48:29.641648', 4, '2024-03-10 04:15:14.582171', 2, '2024-03-07 23:11:03', 10, 'MOTORBIKE', 6, 'ENTRY');
INSERT INTO accesses (created_date, created_user, last_updated_date, last_updated_user, action_date, plot_id, vehicle_type, auth_id, action) VALUES ('2024-09-13 05:58:53.168998', 3, '2024-02-06 11:14:21.672277', 3, '2024-11-03 18:13:25', 4, 'PICKUP', 2, 'ENTRY');
INSERT INTO accesses (created_date, created_user, last_updated_date, last_updated_user, action_date, plot_id, vehicle_type, auth_id, action) VALUES ('2024-02-27 18:38:54.322696', 1, '2024-08-05 22:47:16.315126', 4, '2024-10-12 03:40:16', 6, 'FOOT', 10, 'EXIT');
INSERT INTO accesses (created_date, created_user, last_updated_date, last_updated_user, action_date, plot_id, vehicle_type, auth_id, action) VALUES ('2024-04-22 03:06:27.763182', 4, '2024-09-14 20:27:13.613777', 2, '2024-10-07 10:16:27', 3, 'TRUCK', 5, 'ENTRY');
INSERT INTO accesses (created_date, created_user, last_updated_date, last_updated_user, action_date, plot_id, vehicle_type, auth_id, action) VALUES ('2024-07-17 16:20:08.866043', 3, '2024-04-08 15:59:00.853349', 2, '2024-03-28 03:07:02', 8, 'PICKUP', 3, 'EXIT');
INSERT INTO accesses (created_date, created_user, last_updated_date, last_updated_user, action_date, plot_id, vehicle_type, auth_id, action) VALUES ('2024-05-27 09:59:18.450824', 6, '2024-06-20 04:26:13.787857', 5, '2024-06-28 12:54:11', 3, 'MOTORBIKE', 6, 'EXIT');
INSERT INTO accesses (created_date, created_user, last_updated_date, last_updated_user, action_date, plot_id, vehicle_type, auth_id, action) VALUES ('2024-01-27 12:15:05.694316', 1, '2024-09-07 13:14:45.079094', 6, '2024-10-28 22:21:19', 10, 'MOTORBIKE', 8, 'ENTRY');
INSERT INTO accesses (created_date, created_user, last_updated_date, last_updated_user, action_date, plot_id, vehicle_type, auth_id, action) VALUES ('2024-02-24 08:17:33.778101', 6, '2024-08-17 11:12:13.501377', 6, '2024-06-30 17:36:08', 8, 'CAR', 3, 'ENTRY');
INSERT INTO accesses (created_date, created_user, last_updated_date, last_updated_user, action_date, plot_id, vehicle_type, auth_id, action) VALUES ('2024-05-12 07:31:37.358243', 4, '2024-05-12 00:03:20.536547', 1, '2024-02-21 18:20:23', 6, 'PICKUP', 8, 'ENTRY');
INSERT INTO accesses (created_date, created_user, last_updated_date, last_updated_user, action_date, plot_id, vehicle_type, auth_id, action) VALUES ('2024-05-29 11:11:44.314759', 1, '2024-08-29 08:43:46.051102', 6, '2024-02-28 03:40:24', 2, 'FOOT', 6, 'ENTRY');
INSERT INTO accesses (created_date, created_user, last_updated_date, last_updated_user, action_date, plot_id, vehicle_type, auth_id, action) VALUES ('2024-02-06 03:37:30.147282', 5, '2024-02-21 06:26:21.659573', 1, '2024-03-15 11:23:25', 2, 'PICKUP', 9, 'ENTRY');
INSERT INTO accesses (created_date, created_user, last_updated_date, last_updated_user, action_date, plot_id, vehicle_type, auth_id, action) VALUES ('2024-05-12 06:05:25.854160', 3, '2024-02-19 18:19:51.621862', 2, '2024-01-19 17:49:38', 2, 'PICKUP', 2, 'ENTRY');
INSERT INTO accesses (created_date, created_user, last_updated_date, last_updated_user, action_date, plot_id, vehicle_type, auth_id, action) VALUES ('2024-05-13 22:57:22.450765', 6, '2024-10-02 05:29:38.906647', 1, '2024-09-09 13:20:20', 9, 'FOOT', 7, 'ENTRY');
INSERT INTO accesses (created_date, created_user, last_updated_date, last_updated_user, action_date, plot_id, vehicle_type, auth_id, action) VALUES ('2024-05-22 05:44:28.127255', 2, '2024-02-20 11:52:29.129952', 5, '2024-06-20 06:16:00', 10, 'CAR', 8, 'ENTRY');
INSERT INTO accesses (created_date, created_user, last_updated_date, last_updated_user, action_date, plot_id, vehicle_type, auth_id, action) VALUES ('2024-10-18 18:57:39.303383', 4, '2024-04-28 00:31:41.356216', 3, '2024-05-29 22:57:27', 4, 'CAR', 3, 'ENTRY');
INSERT INTO accesses (created_date, created_user, last_updated_date, last_updated_user, action_date, plot_id, vehicle_type, auth_id, action) VALUES ('2024-05-02 18:20:45.365328', 3, '2024-03-27 17:39:31.293696', 4, '2024-02-23 14:04:29', 6, 'FOOT', 5, 'EXIT');
INSERT INTO accesses (created_date, created_user, last_updated_date, last_updated_user, action_date, plot_id, vehicle_type, auth_id, action) VALUES ('2024-08-15 17:22:58.309012', 4, '2024-05-28 16:14:38.159017', 1, '2024-04-22 03:09:31', 8, 'CAR', 3, 'ENTRY');
INSERT INTO accesses (created_date, created_user, last_updated_date, last_updated_user, action_date, plot_id, vehicle_type, auth_id, action) VALUES ('2024-07-21 20:57:24.546107', 1, '2024-05-15 11:16:20.380985', 6, '2024-02-07 18:42:51', 10, 'FOOT', 4, 'EXIT');
INSERT INTO accesses (created_date, created_user, last_updated_date, last_updated_user, action_date, plot_id, vehicle_type, auth_id, action) VALUES ('2024-04-14 05:06:45.812026', 5, '2024-04-28 20:47:08.771359', 5, '2024-10-07 12:54:24', 6, 'CAR', 6, 'EXIT');
INSERT INTO accesses (created_date, created_user, last_updated_date, last_updated_user, action_date, plot_id, vehicle_type, auth_id, action) VALUES ('2024-04-06 05:15:38.233273', 2, '2024-09-24 17:06:53.469000', 4, '2024-03-16 14:04:58', 7, 'FOOT', 5, 'ENTRY');
INSERT INTO accesses (created_date, created_user, last_updated_date, last_updated_user, action_date, plot_id, vehicle_type, auth_id, action) VALUES ('2024-10-15 19:38:40.054093', 4, '2024-07-11 08:27:55.156167', 4, '2024-07-12 11:51:44', 5, 'TRUCK', 6, 'ENTRY');
INSERT INTO accesses (created_date, created_user, last_updated_date, last_updated_user, action_date, plot_id, vehicle_type, auth_id, action) VALUES ('2024-06-06 07:05:34.996231', 2, '2024-06-07 13:22:32.469064', 5, '2024-05-11 22:58:41', 2, 'CAR', 4, 'ENTRY');
INSERT INTO accesses (created_date, created_user, last_updated_date, last_updated_user, action_date, plot_id, vehicle_type, auth_id, action) VALUES ('2024-05-11 02:25:32.184159', 2, '2024-04-19 09:20:12.412103', 2, '2024-02-22 18:24:53', 5, 'FOOT', 8, 'EXIT');
INSERT INTO accesses (created_date, created_user, last_updated_date, last_updated_user, action_date, plot_id, vehicle_type, auth_id, action) VALUES ('2024-09-23 03:45:06.837002', 3, '2024-06-02 16:53:51.090442', 2, '2024-04-14 20:07:08', 10, 'PICKUP', 4, 'EXIT');
INSERT INTO accesses (created_date, created_user, last_updated_date, last_updated_user, action_date, plot_id, vehicle_type, auth_id, action) VALUES ('2024-05-30 11:20:40.715691', 4, '2024-03-08 15:05:41.806956', 5, '2024-01-31 00:46:48', 6, 'FOOT', 6, 'EXIT');
INSERT INTO accesses (created_date, created_user, last_updated_date, last_updated_user, action_date, plot_id, vehicle_type, auth_id, action) VALUES ('2024-09-03 00:29:40.196357', 2, '2024-03-28 12:54:10.502975', 5, '2024-08-16 21:22:16', 9, 'CAR', 9, 'ENTRY');
INSERT INTO accesses (created_date, created_user, last_updated_date, last_updated_user, action_date, plot_id, vehicle_type, auth_id, action) VALUES ('2024-07-07 14:41:40.071975', 4, '2024-10-07 22:30:43.338396', 2, '2024-06-12 02:36:01', 6, 'TRUCK', 10, 'EXIT');
INSERT INTO accesses (created_date, created_user, last_updated_date, last_updated_user, action_date, plot_id, vehicle_type, auth_id, action) VALUES ('2024-05-21 10:33:20.781620', 5, '2024-07-09 19:18:33.335514', 3, '2024-03-19 23:32:03', 6, 'FOOT', 5, 'EXIT');
INSERT INTO accesses (created_date, created_user, last_updated_date, last_updated_user, action_date, plot_id, vehicle_type, auth_id, action) VALUES ('2024-08-12 04:52:37.757916', 5, '2024-02-21 00:17:28.456851', 2, '2024-02-07 00:44:08', 2, 'CAR', 7, 'ENTRY');
INSERT INTO accesses (created_date, created_user, last_updated_date, last_updated_user, action_date, plot_id, vehicle_type, auth_id, action) VALUES ('2024-05-24 06:15:58.094450', 1, '2024-05-03 16:33:51.752128', 4, '2024-01-14 17:36:04', 4, 'FOOT', 4, 'ENTRY');
INSERT INTO accesses (created_date, created_user, last_updated_date, last_updated_user, action_date, plot_id, vehicle_type, auth_id, action) VALUES ('2024-09-19 22:00:44.678516', 5, '2024-09-21 05:51:44.700692', 3, '2024-08-03 16:24:30', 2, 'MOTORBIKE', 8, 'ENTRY');
INSERT INTO accesses (created_date, created_user, last_updated_date, last_updated_user, action_date, plot_id, vehicle_type, auth_id, action) VALUES ('2024-01-27 13:17:06.664989', 6, '2024-04-05 23:43:59.302667', 1, '2024-08-25 23:30:33', 5, 'MOTORBIKE', 7, 'ENTRY');
INSERT INTO accesses (created_date, created_user, last_updated_date, last_updated_user, action_date, plot_id, vehicle_type, auth_id, action) VALUES ('2024-06-22 09:06:32.900179', 5, '2024-02-11 14:45:27.198991', 1, '2024-03-14 00:05:51', 2, 'TRUCK', 1, 'ENTRY');
INSERT INTO accesses (created_date, created_user, last_updated_date, last_updated_user, action_date, plot_id, vehicle_type, auth_id, action) VALUES ('2024-06-18 22:41:31.501285', 3, '2024-07-18 15:55:42.642904', 5, '2024-07-14 13:18:24', 6, 'MOTORBIKE', 3, 'EXIT');
INSERT INTO accesses (created_date, created_user, last_updated_date, last_updated_user, action_date, plot_id, vehicle_type, auth_id, action) VALUES ('2024-01-10 15:36:52.587262', 6, '2024-03-19 12:21:48.051391', 6, '2024-04-15 02:09:24', 9, 'CAR', 4, 'ENTRY');
INSERT INTO accesses (created_date, created_user, last_updated_date, last_updated_user, action_date, plot_id, vehicle_type, auth_id, action) VALUES ('2024-05-14 09:04:22.493562', 1, '2024-01-13 02:05:31.771168', 4, '2024-09-01 23:14:25', 7, 'TRUCK', 5, 'ENTRY');
INSERT INTO accesses (created_date, created_user, last_updated_date, last_updated_user, action_date, plot_id, vehicle_type, auth_id, action) VALUES ('2024-02-07 00:15:36.139834', 6, '2024-01-20 01:45:14.234407', 6, '2024-05-26 06:51:59', 2, 'TRUCK', 6, 'EXIT');
INSERT INTO accesses (created_date, created_user, last_updated_date, last_updated_user, action_date, plot_id, vehicle_type, auth_id, action) VALUES ('2024-08-09 10:40:04.443588', 2, '2024-05-27 17:17:17.292009', 2, '2024-09-15 03:35:47', 5, 'CAR', 7, 'EXIT');
INSERT INTO accesses (created_date, created_user, last_updated_date, last_updated_user, action_date, plot_id, vehicle_type, auth_id, action) VALUES ('2024-06-21 13:01:15.028332', 3, '2024-04-27 19:41:21.680826', 5, '2024-09-15 23:23:17', 6, 'FOOT', 3, 'ENTRY');
INSERT INTO accesses (created_date, created_user, last_updated_date, last_updated_user, action_date, plot_id, vehicle_type, auth_id, action) VALUES ('2024-02-07 13:00:56.445819', 4, '2024-04-16 08:57:17.982575', 1, '2024-10-15 17:04:34', 3, 'MOTORBIKE', 5, 'ENTRY');
INSERT INTO accesses (created_date, created_user, last_updated_date, last_updated_user, action_date, plot_id, vehicle_type, auth_id, action) VALUES ('2024-04-09 07:45:28.021965', 1, '2024-04-13 14:03:29.817721', 5, '2024-10-12 10:43:30', 4, 'MOTORBIKE', 8, 'ENTRY');
INSERT INTO accesses (created_date, created_user, last_updated_date, last_updated_user, action_date, plot_id, vehicle_type, auth_id, action) VALUES ('2024-02-10 13:43:01.289324', 4, '2024-09-01 01:03:19.169034', 1, '2024-01-07 20:33:08', 3, 'FOOT', 9, 'ENTRY');
INSERT INTO accesses (created_date, created_user, last_updated_date, last_updated_user, action_date, plot_id, vehicle_type, auth_id, action) VALUES ('2024-09-16 00:54:32.830516', 6, '2024-01-08 15:19:48.013263', 1, '2024-07-31 20:44:07', 2, 'MOTORBIKE', 5, 'ENTRY');
INSERT INTO accesses (created_date, created_user, last_updated_date, last_updated_user, action_date, plot_id, vehicle_type, auth_id, action) VALUES ('2024-01-11 12:51:21.840271', 3, '2024-08-13 02:50:41.442571', 4, '2024-09-13 14:04:35', 8, 'MOTORBIKE', 1, 'ENTRY');
INSERT INTO accesses (created_date, created_user, last_updated_date, last_updated_user, action_date, plot_id, vehicle_type, auth_id, action) VALUES ('2024-05-12 11:03:16.855634', 3, '2024-05-03 10:19:11.813300', 1, '2024-07-21 05:05:03', 2, 'FOOT', 2, 'EXIT');
INSERT INTO accesses (created_date, created_user, last_updated_date, last_updated_user, action_date, plot_id, vehicle_type, auth_id, action) VALUES ('2024-03-18 14:37:49.888982', 5, '2024-10-03 20:51:01.046678', 1, '2024-01-14 15:20:30', 5, 'MOTORBIKE', 8, 'EXIT');
INSERT INTO accesses (created_date, created_user, last_updated_date, last_updated_user, action_date, plot_id, vehicle_type, auth_id, action) VALUES ('2024-06-23 08:20:33.689938', 1, '2024-04-28 13:11:53.704378', 4, '2024-09-10 23:14:45', 7, 'TRUCK', 7, 'ENTRY');
INSERT INTO accesses (created_date, created_user, last_updated_date, last_updated_user, action_date, plot_id, vehicle_type, auth_id, action) VALUES ('2024-09-07 15:19:18.209637', 3, '2024-04-11 01:59:46.444423', 4, '2024-09-28 08:02:09', 2, 'FOOT', 2, 'EXIT');
INSERT INTO accesses (created_date, created_user, last_updated_date, last_updated_user, action_date, plot_id, vehicle_type, auth_id, action) VALUES ('2024-03-03 12:07:43.326268', 6, '2024-04-30 06:01:22.897805', 3, '2024-02-02 19:47:09', 9, 'TRUCK', 1, 'ENTRY');
INSERT INTO accesses (created_date, created_user, last_updated_date, last_updated_user, action_date, plot_id, vehicle_type, auth_id, action) VALUES ('2024-11-01 02:25:11.320201', 2, '2024-08-12 11:55:13.559351', 4, '2024-02-07 20:04:29', 4, 'CAR', 9, 'EXIT');
INSERT INTO accesses (created_date, created_user, last_updated_date, last_updated_user, action_date, plot_id, vehicle_type, auth_id, action) VALUES ('2024-08-01 07:27:54.256721', 5, '2024-08-21 10:39:29.242550', 3, '2024-10-21 07:28:23', 3, 'MOTORBIKE', 6, 'ENTRY');
INSERT INTO accesses (created_date, created_user, last_updated_date, last_updated_user, action_date, plot_id, vehicle_type, auth_id, action) VALUES ('2024-10-22 06:31:47.307449', 5, '2024-03-22 18:44:03.498374', 5, '2024-08-28 13:41:06', 7, 'PICKUP', 7, 'EXIT');
INSERT INTO accesses (created_date, created_user, last_updated_date, last_updated_user, action_date, plot_id, vehicle_type, auth_id, action) VALUES ('2024-09-26 06:37:07.298355', 1, '2024-08-02 01:10:57.545041', 3, '2024-08-31 11:15:15', 4, 'MOTORBIKE', 8, 'ENTRY');
INSERT INTO accesses (created_date, created_user, last_updated_date, last_updated_user, action_date, plot_id, vehicle_type, auth_id, action) VALUES ('2024-02-03 14:59:00.795125', 3, '2024-09-08 21:20:37.630132', 5, '2024-01-03 10:01:27', 7, 'FOOT', 7, 'ENTRY');
INSERT INTO accesses (created_date, created_user, last_updated_date, last_updated_user, action_date, plot_id, vehicle_type, auth_id, action) VALUES ('2024-03-19 07:26:59.126703', 3, '2024-09-20 01:26:28.517944', 1, '2024-07-26 08:04:12', 6, 'TRUCK', 10, 'ENTRY');
INSERT INTO accesses (created_date, created_user, last_updated_date, last_updated_user, action_date, plot_id, vehicle_type, auth_id, action) VALUES ('2024-04-29 09:41:00.857263', 3, '2024-08-30 19:43:42.452677', 2, '2024-07-11 01:01:13', 1, 'TRUCK', 1, 'EXIT');
INSERT INTO accesses (created_date, created_user, last_updated_date, last_updated_user, action_date, plot_id, vehicle_type, auth_id, action) VALUES ('2024-01-30 03:50:39.964590', 3, '2024-05-31 22:39:04.795820', 2, '2024-05-14 04:36:01', 9, 'MOTORBIKE', 3, 'ENTRY');
INSERT INTO accesses (created_date, created_user, last_updated_date, last_updated_user, action_date, plot_id, vehicle_type, auth_id, action) VALUES ('2024-07-07 00:32:33.900245', 6, '2024-06-06 10:16:56.620270', 3, '2024-08-03 06:39:14', 4, 'MOTORBIKE', 1, 'ENTRY');
INSERT INTO accesses (created_date, created_user, last_updated_date, last_updated_user, action_date, plot_id, vehicle_type, auth_id, action) VALUES ('2024-01-03 07:14:54.104642', 3, '2024-08-10 02:16:22.865641', 2, '2024-06-28 19:43:40', 2, 'FOOT', 5, 'ENTRY');
INSERT INTO accesses (created_date, created_user, last_updated_date, last_updated_user, action_date, plot_id, vehicle_type, auth_id, action) VALUES ('2024-05-10 20:13:55.545490', 1, '2024-04-23 04:39:51.970415', 1, '2024-02-18 17:59:27', 2, 'FOOT', 5, 'EXIT');
INSERT INTO accesses (created_date, created_user, last_updated_date, last_updated_user, action_date, plot_id, vehicle_type, auth_id, action) VALUES ('2024-09-26 10:24:37.593968', 6, '2024-04-04 15:56:05.307708', 3, '2024-02-26 23:28:23', 1, 'MOTORBIKE', 2, 'ENTRY');
INSERT INTO accesses (created_date, created_user, last_updated_date, last_updated_user, action_date, plot_id, vehicle_type, auth_id, action) VALUES ('2024-10-21 06:17:15.625560', 5, '2024-06-29 12:19:44.927316', 1, '2024-06-13 03:51:27', 3, 'TRUCK', 10, 'ENTRY');
INSERT INTO accesses (created_date, created_user, last_updated_date, last_updated_user, action_date, plot_id, vehicle_type, auth_id, action) VALUES ('2024-04-15 12:27:51.839334', 1, '2024-03-31 09:18:20.246911', 5, '2024-08-27 15:49:56', 9, 'FOOT', 2, 'EXIT');
INSERT INTO accesses (created_date, created_user, last_updated_date, last_updated_user, action_date, plot_id, vehicle_type, auth_id, action) VALUES ('2024-09-29 16:52:18.735794', 2, '2024-02-01 22:34:32.792113', 6, '2024-07-08 03:24:18', 2, 'MOTORBIKE', 4, 'ENTRY');
INSERT INTO accesses (created_date, created_user, last_updated_date, last_updated_user, action_date, plot_id, vehicle_type, auth_id, action) VALUES ('2024-01-02 08:02:21.365133', 6, '2024-04-15 06:53:52.370227', 2, '2024-07-13 13:53:38', 6, 'FOOT', 3, 'ENTRY');
INSERT INTO accesses (created_date, created_user, last_updated_date, last_updated_user, action_date, plot_id, vehicle_type, auth_id, action) VALUES ('2024-05-29 05:25:53.476185', 1, '2024-01-07 05:36:59.755623', 1, '2024-08-25 21:11:33', 6, 'TRUCK', 9, 'EXIT');
INSERT INTO accesses (created_date, created_user, last_updated_date, last_updated_user, action_date, plot_id, vehicle_type, auth_id, action) VALUES ('2024-02-06 23:30:18.321275', 2, '2024-03-20 05:07:51.923899', 1, '2024-01-01 12:24:23', 1, 'CAR', 4, 'EXIT');
INSERT INTO accesses (created_date, created_user, last_updated_date, last_updated_user, action_date, plot_id, vehicle_type, auth_id, action) VALUES ('2024-04-24 08:08:56.257811', 1, '2024-06-15 04:32:19.254723', 3, '2024-02-28 06:41:06', 4, 'CAR', 2, 'ENTRY');
INSERT INTO accesses (created_date, created_user, last_updated_date, last_updated_user, action_date, plot_id, vehicle_type, auth_id, action) VALUES ('2024-04-10 02:16:46.424356', 4, '2024-07-30 04:57:57.705545', 1, '2024-07-14 12:59:56', 6, 'CAR', 5, 'ENTRY');
INSERT INTO accesses (created_date, created_user, last_updated_date, last_updated_user, action_date, plot_id, vehicle_type, auth_id, action) VALUES ('2024-07-05 12:23:05.744435', 6, '2024-07-15 18:08:28.587245', 1, '2024-03-23 15:34:55', 4, 'CAR', 6, 'EXIT');
INSERT INTO accesses (created_date, created_user, last_updated_date, last_updated_user, action_date, plot_id, vehicle_type, auth_id, action) VALUES ('2024-09-05 17:37:06.745209', 5, '2024-02-16 01:34:15.944818', 6, '2024-08-26 11:29:12', 7, 'TRUCK', 8, 'EXIT');
INSERT INTO accesses (created_date, created_user, last_updated_date, last_updated_user, action_date, plot_id, vehicle_type, auth_id, action) VALUES ('2024-03-19 12:07:32.692819', 4, '2024-02-05 00:10:24.396404', 4, '2024-07-16 02:36:04', 6, 'FOOT', 5, 'EXIT');
INSERT INTO accesses (created_date, created_user, last_updated_date, last_updated_user, action_date, plot_id, vehicle_type, auth_id, action) VALUES ('2024-02-09 16:36:47.335529', 1, '2024-04-28 05:58:46.338498', 4, '2024-06-30 17:45:45', 1, 'TRUCK', 2, 'ENTRY');
INSERT INTO accesses (created_date, created_user, last_updated_date, last_updated_user, action_date, plot_id, vehicle_type, auth_id, action) VALUES ('2024-06-18 02:55:43.219350', 4, '2024-06-22 23:40:13.706658', 3, '2024-10-06 13:47:25', 2, 'PICKUP', 10, 'EXIT');
INSERT INTO accesses (created_date, created_user, last_updated_date, last_updated_user, action_date, plot_id, vehicle_type, auth_id, action) VALUES ('2024-06-25 20:30:05.437431', 5, '2024-01-10 04:55:11.985642', 2, '2024-09-01 18:30:48', 4, 'MOTORBIKE', 6, 'ENTRY');
INSERT INTO accesses (created_date, created_user, last_updated_date, last_updated_user, action_date, plot_id, vehicle_type, auth_id, action) VALUES ('2024-06-13 21:24:51.512315', 3, '2024-09-19 05:11:39.535137', 6, '2024-05-22 00:11:57', 1, 'FOOT', 6, 'EXIT');
INSERT INTO accesses (created_date, created_user, last_updated_date, last_updated_user, action_date, plot_id, vehicle_type, auth_id, action) VALUES ('2024-02-13 11:56:42.174774', 3, '2024-07-15 12:14:34.789756', 3, '2024-08-03 08:33:38', 9, 'CAR', 8, 'EXIT');
INSERT INTO accesses (created_date, created_user, last_updated_date, last_updated_user, action_date, plot_id, vehicle_type, auth_id, action) VALUES ('2024-05-03 13:48:40.506431', 1, '2024-02-03 21:41:53.353990', 3, '2024-02-20 18:16:43', 3, 'FOOT', 6, 'EXIT');
INSERT INTO accesses (created_date, created_user, last_updated_date, last_updated_user, action_date, plot_id, vehicle_type, auth_id, action) VALUES ('2024-02-24 21:21:26.127337', 5, '2024-03-07 17:11:37.603254', 2, '2024-07-14 03:30:16', 3, 'TRUCK', 8, 'ENTRY');
INSERT INTO accesses (created_date, created_user, last_updated_date, last_updated_user, action_date, plot_id, vehicle_type, auth_id, action) VALUES ('2024-03-04 21:00:36.957371', 6, '2024-05-03 09:14:34.501996', 2, '2024-03-21 00:12:00', 8, 'CAR', 6, 'EXIT');
INSERT INTO accesses (created_date, created_user, last_updated_date, last_updated_user, action_date, plot_id, vehicle_type, auth_id, action) VALUES ('2024-08-02 00:36:17.201571', 4, '2024-05-15 04:37:25.062389', 6, '2024-06-17 11:48:26', 6, 'PICKUP', 8, 'ENTRY');
INSERT INTO accesses (created_date, created_user, last_updated_date, last_updated_user, action_date, plot_id, vehicle_type, auth_id, action) VALUES ('2024-01-27 20:15:06.704607', 3, '2024-03-31 00:26:25.727363', 3, '2024-08-23 21:12:00', 9, 'TRUCK', 1, 'ENTRY');
INSERT INTO accesses (created_date, created_user, last_updated_date, last_updated_user, action_date, plot_id, vehicle_type, auth_id, action) VALUES ('2024-08-31 11:34:35.993968', 1, '2024-08-22 02:04:35.904581', 3, '2024-07-23 23:20:00', 10, 'PICKUP', 3, 'ENTRY');
INSERT INTO accesses (created_date, created_user, last_updated_date, last_updated_user, action_date, plot_id, vehicle_type, auth_id, action) VALUES ('2024-03-09 01:26:19.515981', 2, '2024-10-22 18:10:42.645337', 3, '2024-05-18 11:30:08', 9, 'CAR', 3, 'EXIT');
INSERT INTO accesses (created_date, created_user, last_updated_date, last_updated_user, action_date, plot_id, vehicle_type, auth_id, action) VALUES ('2024-04-25 03:55:18.084031', 1, '2024-10-22 14:42:53.579367', 2, '2024-01-09 01:55:34', 9, 'TRUCK', 1, 'ENTRY');
INSERT INTO accesses (created_date, created_user, last_updated_date, last_updated_user, action_date, plot_id, vehicle_type, auth_id, action) VALUES ('2024-08-30 21:48:35.784786', 6, '2024-10-05 01:00:00.622262', 2, '2024-09-13 21:23:46', 9, 'MOTORBIKE', 2, 'ENTRY');
INSERT INTO accesses (created_date, created_user, last_updated_date, last_updated_user, action_date, plot_id, vehicle_type, auth_id, action) VALUES ('2024-07-11 05:56:01.516159', 3, '2024-09-19 13:08:17.223876', 2, '2024-04-23 16:30:16', 8, 'CAR', 4, 'EXIT');
INSERT INTO accesses (created_date, created_user, last_updated_date, last_updated_user, action_date, plot_id, vehicle_type, auth_id, action) VALUES ('2024-04-02 11:14:34.504185', 1, '2024-06-27 20:48:56.388601', 2, '2024-09-02 14:38:58', 5, 'MOTORBIKE', 1, 'EXIT');
INSERT INTO accesses (created_date, created_user, last_updated_date, last_updated_user, action_date, plot_id, vehicle_type, auth_id, action) VALUES ('2024-08-31 11:29:45.720792', 5, '2024-03-27 00:51:55.971151', 1, '2024-05-04 14:24:16', 10, 'PICKUP', 7, 'EXIT');
INSERT INTO accesses (created_date, created_user, last_updated_date, last_updated_user, action_date, plot_id, vehicle_type, auth_id, action) VALUES ('2024-07-08 09:29:16.744241', 3, '2024-01-05 00:56:57.015548', 4, '2024-01-13 23:13:20', 8, 'FOOT', 8, 'EXIT');
INSERT INTO accesses (created_date, created_user, last_updated_date, last_updated_user, action_date, plot_id, vehicle_type, auth_id, action) VALUES ('2024-02-08 13:46:57.992068', 2, '2024-03-01 15:18:17.066968', 3, '2024-07-17 18:10:49', 8, 'CAR', 2, 'ENTRY');
INSERT INTO accesses (created_date, created_user, last_updated_date, last_updated_user, action_date, plot_id, vehicle_type, auth_id, action) VALUES ('2024-03-13 14:00:14.092524', 6, '2024-04-27 07:31:34.129305', 6, '2024-06-14 09:31:58', 8, 'PICKUP', 6, 'EXIT');
INSERT INTO accesses (created_date, created_user, last_updated_date, last_updated_user, action_date, plot_id, vehicle_type, auth_id, action) VALUES ('2024-08-21 10:42:49.018061', 6, '2024-02-06 08:41:36.953525', 2, '2024-08-03 16:12:46', 8, 'TRUCK', 5, 'ENTRY');
INSERT INTO accesses (created_date, created_user, last_updated_date, last_updated_user, action_date, plot_id, vehicle_type, auth_id, action) VALUES ('2024-03-11 02:22:44.006382', 2, '2024-07-15 18:31:31.182969', 3, '2024-06-01 01:53:12', 8, 'FOOT', 2, 'ENTRY');
INSERT INTO accesses (created_date, created_user, last_updated_date, last_updated_user, action_date, plot_id, vehicle_type, auth_id, action) VALUES ('2024-02-12 07:54:48.706778', 6, '2024-03-06 05:09:52.649035', 5, '2024-02-25 14:44:43', 1, 'FOOT', 9, 'EXIT');
INSERT INTO accesses (created_date, created_user, last_updated_date, last_updated_user, action_date, plot_id, vehicle_type, auth_id, action) VALUES ('2024-02-01 02:59:00.449694', 1, '2024-09-04 13:00:29.971596', 3, '2024-07-05 07:50:33', 2, 'MOTORBIKE', 7, 'ENTRY');
INSERT INTO accesses (created_date, created_user, last_updated_date, last_updated_user, action_date, plot_id, vehicle_type, auth_id, action) VALUES ('2024-03-04 13:59:56.781896', 4, '2024-05-25 18:14:43.570028', 2, '2024-10-12 10:29:18', 4, 'PICKUP', 4, 'ENTRY');
INSERT INTO accesses (created_date, created_user, last_updated_date, last_updated_user, action_date, plot_id, vehicle_type, auth_id, action) VALUES ('2024-10-12 04:10:48.975619', 4, '2024-02-20 05:30:48.952221', 1, '2024-03-21 16:56:15', 9, 'PICKUP', 7, 'ENTRY');
INSERT INTO accesses (created_date, created_user, last_updated_date, last_updated_user, action_date, plot_id, vehicle_type, auth_id, action) VALUES ('2024-08-07 22:43:41.897631', 3, '2024-10-23 15:58:22.426795', 3, '2024-08-19 18:06:37', 2, 'TRUCK', 9, 'ENTRY');
INSERT INTO accesses (created_date, created_user, last_updated_date, last_updated_user, action_date, plot_id, vehicle_type, auth_id, action) VALUES ('2024-09-08 18:06:26.111278', 4, '2024-06-06 03:40:19.125843', 2, '2024-04-24 04:38:42', 4, 'MOTORBIKE', 5, 'EXIT');
INSERT INTO accesses (created_date, created_user, last_updated_date, last_updated_user, action_date, plot_id, vehicle_type, auth_id, action) VALUES ('2024-02-20 08:40:45.411521', 2, '2024-01-17 12:25:49.083900', 5, '2024-08-14 05:02:37', 1, 'FOOT', 8, 'ENTRY');
INSERT INTO accesses (created_date, created_user, last_updated_date, last_updated_user, action_date, plot_id, vehicle_type, auth_id, action) VALUES ('2024-07-21 11:02:29.408200', 2, '2024-09-11 01:39:00.171871', 2, '2024-02-10 05:03:46', 8, 'TRUCK', 9, 'ENTRY');
INSERT INTO accesses (created_date, created_user, last_updated_date, last_updated_user, action_date, plot_id, vehicle_type, auth_id, action) VALUES ('2024-01-19 03:07:09.149784', 6, '2024-03-26 06:00:53.849097', 5, '2024-07-20 08:52:02', 9, 'MOTORBIKE', 9, 'ENTRY');
INSERT INTO accesses (created_date, created_user, last_updated_date, last_updated_user, action_date, plot_id, vehicle_type, auth_id, action) VALUES ('2024-08-04 05:23:21.346421', 5, '2024-09-25 14:07:27.724434', 3, '2024-09-09 10:22:26', 7, 'FOOT', 10, 'EXIT');
INSERT INTO accesses (created_date, created_user, last_updated_date, last_updated_user, action_date, plot_id, vehicle_type, auth_id, action) VALUES ('2024-03-11 07:39:55.312292', 3, '2024-06-05 13:24:36.326642', 2, '2024-09-23 17:55:28', 7, 'PICKUP', 1, 'ENTRY');
INSERT INTO accesses (created_date, created_user, last_updated_date, last_updated_user, action_date, plot_id, vehicle_type, auth_id, action) VALUES ('2024-08-22 02:36:21.764411', 5, '2024-09-08 08:49:17.706157', 1, '2024-09-27 13:53:41', 1, 'CAR', 5, 'ENTRY');
INSERT INTO accesses (created_date, created_user, last_updated_date, last_updated_user, action_date, plot_id, vehicle_type, auth_id, action) VALUES ('2024-08-04 16:44:54.399822', 2, '2024-03-01 08:14:12.279105', 2, '2024-09-19 06:44:35', 6, 'MOTORBIKE', 3, 'ENTRY');
INSERT INTO accesses (created_date, created_user, last_updated_date, last_updated_user, action_date, plot_id, vehicle_type, auth_id, action) VALUES ('2024-09-05 04:26:29.519209', 2, '2024-04-29 19:25:15.943834', 6, '2024-02-07 17:18:55', 2, 'FOOT', 10, 'EXIT');
INSERT INTO accesses (created_date, created_user, last_updated_date, last_updated_user, action_date, plot_id, vehicle_type, auth_id, action) VALUES ('2024-05-15 14:22:40.122249', 3, '2024-07-02 06:35:47.775024', 4, '2024-10-02 02:06:57', 1, 'PICKUP', 10, 'ENTRY');
INSERT INTO accesses (created_date, created_user, last_updated_date, last_updated_user, action_date, plot_id, vehicle_type, auth_id, action) VALUES ('2024-05-13 23:54:48.433332', 3, '2024-09-06 22:19:03.363210', 4, '2024-03-12 23:32:57', 10, 'PICKUP', 3, 'EXIT');
INSERT INTO accesses (created_date, created_user, last_updated_date, last_updated_user, action_date, plot_id, vehicle_type, auth_id, action) VALUES ('2024-05-28 08:35:22.764130', 4, '2024-05-03 16:27:23.925704', 3, '2024-03-19 02:39:15', 10, 'PICKUP', 5, 'EXIT');
INSERT INTO accesses (created_date, created_user, last_updated_date, last_updated_user, action_date, plot_id, vehicle_type, auth_id, action) VALUES ('2024-09-03 03:19:19.421701', 1, '2024-06-08 00:26:39.243809', 5, '2024-02-05 05:12:11', 6, 'MOTORBIKE', 2, 'EXIT');
INSERT INTO accesses (created_date, created_user, last_updated_date, last_updated_user, action_date, plot_id, vehicle_type, auth_id, action) VALUES ('2024-07-20 01:05:19.512875', 4, '2024-08-04 19:50:53.056918', 4, '2024-02-09 23:15:34', 4, 'CAR', 8, 'EXIT');
INSERT INTO accesses (created_date, created_user, last_updated_date, last_updated_user, action_date, plot_id, vehicle_type, auth_id, action) VALUES ('2024-01-27 16:43:32.735402', 2, '2024-10-08 22:18:16.215862', 1, '2024-05-03 18:51:01', 1, 'TRUCK', 5, 'EXIT');
INSERT INTO accesses (created_date, created_user, last_updated_date, last_updated_user, action_date, plot_id, vehicle_type, auth_id, action) VALUES ('2024-03-16 07:51:16.328466', 3, '2024-08-15 07:02:38.683238', 5, '2024-01-27 20:44:56', 5, 'PICKUP', 1, 'ENTRY');
INSERT INTO accesses (created_date, created_user, last_updated_date, last_updated_user, action_date, plot_id, vehicle_type, auth_id, action) VALUES ('2024-04-17 02:03:02.296992', 4, '2024-02-16 23:05:45.123847', 2, '2024-01-15 13:35:54', 6, 'TRUCK', 3, 'EXIT');
INSERT INTO accesses (created_date, created_user, last_updated_date, last_updated_user, action_date, plot_id, vehicle_type, auth_id, action) VALUES ('2024-05-30 21:06:20.403305', 6, '2024-03-14 07:53:58.758931', 1, '2024-03-27 15:38:01', 10, 'MOTORBIKE', 8, 'EXIT');
INSERT INTO accesses (created_date, created_user, last_updated_date, last_updated_user, action_date, plot_id, vehicle_type, auth_id, action) VALUES ('2024-04-17 19:49:10.400626', 5, '2024-09-18 04:08:52.854024', 4, '2024-01-03 11:47:15', 10, 'CAR', 10, 'ENTRY');
INSERT INTO accesses (created_date, created_user, last_updated_date, last_updated_user, action_date, plot_id, vehicle_type, auth_id, action) VALUES ('2024-06-21 03:09:31.363798', 6, '2024-01-02 03:04:28.732705', 4, '2024-11-02 10:38:04', 8, 'CAR', 9, 'EXIT');
INSERT INTO accesses (created_date, created_user, last_updated_date, last_updated_user, action_date, plot_id, vehicle_type, auth_id, action) VALUES ('2024-04-13 07:46:12.713526', 6, '2024-08-31 00:36:47.713758', 6, '2024-05-26 09:13:47', 2, 'MOTORBIKE', 9, 'EXIT');
INSERT INTO accesses (created_date, created_user, last_updated_date, last_updated_user, action_date, plot_id, vehicle_type, auth_id, action) VALUES ('2024-10-09 05:05:29.859342', 2, '2024-02-01 19:42:39.156980', 1, '2024-05-08 14:15:53', 4, 'PICKUP', 2, 'EXIT');
INSERT INTO accesses (created_date, created_user, last_updated_date, last_updated_user, action_date, plot_id, vehicle_type, auth_id, action) VALUES ('2024-03-09 21:03:37.175643', 2, '2024-08-18 17:05:22.212081', 1, '2024-04-08 19:32:46', 6, 'TRUCK', 3, 'ENTRY');
INSERT INTO accesses (created_date, created_user, last_updated_date, last_updated_user, action_date, plot_id, vehicle_type, auth_id, action) VALUES ('2024-07-13 16:46:44.229272', 6, '2024-07-21 15:56:49.360851', 3, '2024-06-01 14:23:31', 6, 'TRUCK', 8, 'ENTRY');
INSERT INTO accesses (created_date, created_user, last_updated_date, last_updated_user, action_date, plot_id, vehicle_type, auth_id, action) VALUES ('2024-09-07 06:37:53.133465', 5, '2024-07-29 05:46:41.726701', 3, '2024-05-07 16:16:49', 8, 'TRUCK', 8, 'ENTRY');
INSERT INTO accesses (created_date, created_user, last_updated_date, last_updated_user, action_date, plot_id, vehicle_type, auth_id, action) VALUES ('2024-08-22 04:19:42.186376', 3, '2024-04-27 10:04:46.434933', 2, '2024-06-27 07:13:00', 5, 'MOTORBIKE', 7, 'EXIT');
INSERT INTO accesses (created_date, created_user, last_updated_date, last_updated_user, action_date, plot_id, vehicle_type, auth_id, action) VALUES ('2024-06-12 09:00:14.406769', 2, '2024-10-19 16:49:28.628553', 6, '2024-08-04 11:45:02', 2, 'MOTORBIKE', 9, 'EXIT');
INSERT INTO accesses (created_date, created_user, last_updated_date, last_updated_user, action_date, plot_id, vehicle_type, auth_id, action) VALUES ('2024-09-03 07:07:32.284497', 2, '2024-09-01 12:31:33.331214', 2, '2024-04-21 22:47:51', 10, 'PICKUP', 4, 'EXIT');
INSERT INTO accesses (created_date, created_user, last_updated_date, last_updated_user, action_date, plot_id, vehicle_type, auth_id, action) VALUES ('2024-03-08 08:14:13.038434', 2, '2024-09-29 11:06:13.238520', 3, '2024-04-11 18:34:55', 7, 'CAR', 7, 'EXIT');
INSERT INTO accesses (created_date, created_user, last_updated_date, last_updated_user, action_date, plot_id, vehicle_type, auth_id, action) VALUES ('2024-10-02 13:51:41.925585', 6, '2024-01-04 13:41:34.618136', 2, '2024-02-12 01:10:44', 5, 'FOOT', 8, 'ENTRY');
INSERT INTO accesses (created_date, created_user, last_updated_date, last_updated_user, action_date, plot_id, vehicle_type, auth_id, action) VALUES ('2024-06-08 06:20:43.790728', 5, '2024-01-15 12:36:16.934977', 4, '2024-07-26 16:51:20', 5, 'CAR', 1, 'ENTRY');
INSERT INTO accesses (created_date, created_user, last_updated_date, last_updated_user, action_date, plot_id, vehicle_type, auth_id, action) VALUES ('2024-08-19 12:36:09.292016', 5, '2024-01-08 02:07:24.322556', 5, '2024-09-09 21:01:26', 10, 'FOOT', 4, 'ENTRY');
INSERT INTO accesses (created_date, created_user, last_updated_date, last_updated_user, action_date, plot_id, vehicle_type, auth_id, action) VALUES ('2024-05-01 06:16:37.145511', 5, '2024-03-12 11:06:03.956705', 2, '2024-07-08 10:10:28', 10, 'MOTORBIKE', 5, 'ENTRY');
INSERT INTO accesses (created_date, created_user, last_updated_date, last_updated_user, action_date, plot_id, vehicle_type, auth_id, action) VALUES ('2024-08-02 04:45:03.382704', 6, '2024-03-20 04:38:47.499447', 3, '2024-04-05 13:29:17', 2, 'PICKUP', 9, 'ENTRY');
INSERT INTO accesses (created_date, created_user, last_updated_date, last_updated_user, action_date, plot_id, vehicle_type, auth_id, action) VALUES ('2024-05-02 18:13:18.258490', 5, '2024-08-23 16:48:31.194301', 2, '2024-03-07 19:05:32', 4, 'MOTORBIKE', 7, 'EXIT');
INSERT INTO accesses (created_date, created_user, last_updated_date, last_updated_user, action_date, plot_id, vehicle_type, auth_id, action) VALUES ('2024-05-29 20:00:04.707019', 5, '2024-06-03 15:23:15.283758', 2, '2024-02-28 01:44:40', 3, 'PICKUP', 7, 'EXIT');
INSERT INTO accesses (created_date, created_user, last_updated_date, last_updated_user, action_date, plot_id, vehicle_type, auth_id, action) VALUES ('2024-05-20 05:28:33.962872', 4, '2024-10-26 19:32:02.883493', 1, '2024-10-25 05:04:04', 6, 'TRUCK', 3, 'EXIT');
INSERT INTO accesses (created_date, created_user, last_updated_date, last_updated_user, action_date, plot_id, vehicle_type, auth_id, action) VALUES ('2024-08-16 20:36:31.190277', 2, '2024-02-26 21:01:01.902934', 1, '2024-05-14 08:46:53', 3, 'PICKUP', 7, 'ENTRY');
INSERT INTO accesses (created_date, created_user, last_updated_date, last_updated_user, action_date, plot_id, vehicle_type, auth_id, action) VALUES ('2024-08-31 15:04:16.877792', 3, '2024-01-19 22:05:37.308155', 3, '2024-04-11 17:32:20', 10, 'CAR', 3, 'ENTRY');
INSERT INTO accesses (created_date, created_user, last_updated_date, last_updated_user, action_date, plot_id, vehicle_type, auth_id, action) VALUES ('2024-06-16 12:29:39.985461', 5, '2024-07-23 22:37:32.283697', 2, '2024-02-18 01:53:38', 6, 'TRUCK', 7, 'ENTRY');
INSERT INTO accesses (created_date, created_user, last_updated_date, last_updated_user, action_date, plot_id, vehicle_type, auth_id, action) VALUES ('2024-08-28 08:32:56.279321', 6, '2024-08-28 04:19:00.032982', 1, '2024-10-11 21:28:26', 1, 'PICKUP', 3, 'EXIT');
INSERT INTO accesses (created_date, created_user, last_updated_date, last_updated_user, action_date, plot_id, vehicle_type, auth_id, action) VALUES ('2024-04-08 01:41:27.068607', 3, '2024-08-31 16:22:57.284717', 4, '2024-03-26 13:15:45', 7, 'FOOT', 7, 'ENTRY');
INSERT INTO accesses (created_date, created_user, last_updated_date, last_updated_user, action_date, plot_id, vehicle_type, auth_id, action) VALUES ('2024-08-23 14:09:22.053105', 3, '2024-02-20 20:16:02.027259', 3, '2024-07-14 03:39:30', 7, 'TRUCK', 7, 'EXIT');
INSERT INTO accesses (created_date, created_user, last_updated_date, last_updated_user, action_date, plot_id, vehicle_type, auth_id, action) VALUES ('2024-01-25 17:24:56.644904', 2, '2024-06-16 06:23:55.529969', 1, '2024-07-01 10:53:24', 5, 'TRUCK', 7, 'ENTRY');
INSERT INTO accesses (created_date, created_user, last_updated_date, last_updated_user, action_date, plot_id, vehicle_type, auth_id, action) VALUES ('2024-10-22 03:49:59.474422', 5, '2024-04-13 11:12:28.433314', 2, '2024-02-26 10:33:49', 3, 'TRUCK', 7, 'EXIT');
INSERT INTO accesses (created_date, created_user, last_updated_date, last_updated_user, action_date, plot_id, vehicle_type, auth_id, action) VALUES ('2024-01-13 13:16:26.401744', 6, '2024-06-19 14:12:17.079731', 6, '2024-01-05 05:25:13', 10, 'CAR', 3, 'ENTRY');
INSERT INTO accesses (created_date, created_user, last_updated_date, last_updated_user, action_date, plot_id, vehicle_type, auth_id, action) VALUES ('2024-10-31 22:05:49.973578', 2, '2024-06-19 08:11:10.714256', 6, '2024-08-06 06:17:05', 1, 'PICKUP', 8, 'EXIT');
INSERT INTO accesses (created_date, created_user, last_updated_date, last_updated_user, action_date, plot_id, vehicle_type, auth_id, action) VALUES ('2024-10-18 05:56:53.124302', 2, '2024-03-15 22:44:30.957878', 4, '2024-01-04 20:45:53', 8, 'CAR', 10, 'ENTRY');
INSERT INTO accesses (created_date, created_user, last_updated_date, last_updated_user, action_date, plot_id, vehicle_type, auth_id, action) VALUES ('2024-04-19 03:17:33.802094', 6, '2024-06-30 09:54:38.770028', 2, '2024-11-03 07:12:15', 9, 'PICKUP', 6, 'EXIT');
INSERT INTO accesses (created_date, created_user, last_updated_date, last_updated_user, action_date, plot_id, vehicle_type, auth_id, action) VALUES ('2024-04-02 04:17:41.147992', 5, '2024-02-02 02:03:45.202535', 6, '2024-03-24 01:40:27', 5, 'PICKUP', 2, 'EXIT');
